 1 genetic traits	Environmental factors	     
 1 অক্ষুদ্রকোষ ফুসফুস কারসিনোমা	non-small cell lung carcinoma	     
 1 অগ্ন্যাশয়	pancreas	     
 1 অগ্ন্যাশয় গ্রন্থির ক্যানসার	Pancreatic Cancer	     
 1 অগ্ন্যাশয়ের ফোঁডা	pancreatic abscess	     
 1 অগ্রগতিশীল নয়	non-progressive	     
 1 অগ্রভাগের চামড়া	foreskin	     
 1 অচেতন	coma	     
 1 অটোলোগাস অস্থি মজ্জা প্রতিস্থাপণ	autologous bone marrow transplant	     
 1 অতি বেগুনি রশ্মি	ultraviolet radiation	     
 1 অতিমাত্রায় পূর্ণ	congested	     
 1 অতিরিক্ত আহার	binge eating	     
 1 অতিরিক্ত কর্মদক্ষতা	hyperactivity	     
 1 অতিরিক্ত কর্মদক্ষতা অভাবজনিত ব্যধি	Attention deficit hyperactivity disorder	     
 1 অতিরিক্ত তথ্যের উত্স	Sources of further information	     
 1 অতিরিক্ত তাপ	overheating	     
 1 অতিসক্রিয়	overactive	     
 1 অত্যাধিক শ্লেষ্মা	excessive mucus	     
 1 অত্যুচ্চ রক্তচাপ	hypertension	     
 1 অধিক উচ্চতায় বসবাস	living at high elevations	     
 1 অধিক গুরুত্বপূর্ণ মানসিক বিষাদের ব্যধি	major depressive disorder	     
 1 অনতিক্রম্যতার ক্ষতি করে	impaired immune systems	     
 1 অনধিক্রামক	non-invasive	     
 1 অনমনীয়	stiff	     
 1 অনাক্রম পদ্ধতি	immune system	     
 1 অনাক্রম্য কোষগুলি	immune cells	     
 1 অনাক্রম্য ব্যবস্থা	immune systems	     
 1 অনাগ্রহতা	disinterest	     
 1 অনিচ্ছাকৃতভাবে ওজন হ্রাস	unintentional weight loss	     
 1 অনিচ্ছাধীন বিচলন	involuntary movements	     
 1 অনিদ্রা	insomnia	     
 1 অনুচক্রিকা	platelets	     
 1 অনুবীক্ষণ যন্ত্র	microscop	     
 1 অনুভাবক	sensors	     
 1 অনুভূতি বিলোপ	anesthesia	     
 1 অনুভূতি বিলোপকারক	anesthetic	     
 1 অনুভূতি শুন্য	numbing	     
 1 অনুভূতিশূন্য	numbness	     
 1 অনুসারী পরীক্ষাগুলি	follow-up tests	     
 1 অন্ডকোষ দ্বয়	testicles	     
 1 অন্ডকোষীয় ধারক	scrotal support	     
 1 অন্ডকোষীয় মোচড়	testicular torsion	     
 1 অন্তঃত্বক	dermis	     
 1 অন্তঃ মস্তিষ্ক উদ্দীপনা	Deep Brain Stimulation	     
 1 অন্তর্নিহিত	intrinsic	     
 1 অন্তর্বর্তীকালীন	interim	     
 1 অন্তর্ভুক্ত	excludes	     
 1 অন্তর্শিরা	transvenous	     
 1 অন্ত্র	intestines	     
 1 অন্ত্রের প্রদাহজনিত ব্যাধি	inflammatory bowel disease	     
 1 অন্য বিকল্প	another option	     
 1 অপরাধ বোধ	guilt	     
 1 অপ্রতিসমতা	asymmetry	     
 1 অবচেতন	supine	     
 1 অবরুদ্ধতা হ্রাসকারক	Decongestants	     
 1 অবসাদ রোধক	Antidepressants	     
 1 অবসেসিভ-কমপালসিভ ডিসঅর্ডার	obsessive-compulsive disorder	     
 1 অবসেসিভ-কমপালসিভ ব্যধি	Obsessive -compulsive disorder	     
 1 অবিকশিত ভ্রণ	embryo	     
 1 অবেদনিক	Anesthetic	     
 1 অভ্যন্তরস্থ আস্তরণ	uterine lining	     
 1 অমনোযোগী	difficulty concentrating	     
 1 অম্ল	acidic	     
 1 অরচিয়াকটোমি	orchiectomy	     
 1 অসংযত যৌন কার্য	unprotected sexual activity	     
 1 অসমতা পরীক্ষণ	irregularities	     
 1 অসুরক্ষিত সঙ্গম	unprotected intercourse	     
 2 অস্ত্রোপচার	surgery	     
 1 অস্থিক্ষয়	bone loss	     
 1 অস্থি মজ্জা	Bone marrow	     
 1 অস্থি মজ্জা প্রতিস্থাপন	bone marrow transplant	     
 1 অস্থিরোগে ব্যবহৃত ছাঁচ বা ঢালাই	orthopedic cast	     
 1 অস্বস্তিকর	irritating	     
 1 অস্বাভাবিক কোষকলা	abnormal tissue	     
 1 অস্বাভাবিক বৃদ্ধি	abnormal growth	     
 1 অ্যাঞ্জিনা	angina	     
 2 অ্যাডিসন'স ব্যাধি	Addisons disease	     
 1 অ্যাড্রিনাল ঘাটতি	adrenal insufficiency	     
 1 অ্যাড্রিনালের ঘাটতি	adrenal insufficiencies	     
 1 অ্যামনিওটিক তরল পরীক্ষা	amniotic fluid test	     
 1 অ্যামিনোটিক তরল	amniotic fluid	     
 1 অ্যালভিওলি	alveoli	     
 1 অ্যালার্জি উত্পাদক দ্রব্য	allergen	     
 2 অ্যালার্জিজাত প্রতিক্রিয়া	allergic reaction	     
 1 অ্যালার্জির প্রতিক্রিয়া	allergic reaction	     
 1 অ্যালোজেনিক অস্থি মজ্জা প্রতিস্থাপণ	allogeneic bone marrow transplant	     
 1 অ্যাসবেস্টোসিস	asbestosis	     
 1 আইবুপ্রোফেন	Ibuprofen	     
 1 আংশিক থাইরয়েডেক্টোমি	partial thyroidectomy	     
 1 আংশিকভাবে ছিন্ন	Partial tears	     
 1 আংশিক স্যালপিঙ্গেক্টমি	partial salpingectomy	     
 2 আঁচড়ের দাগ পরীক্ষা	scratch test	     
 1 আঁচিল	Warts	     
 1 আত্মসংবৃতি বা ওটিজম	Autism	     
 1 আত্মহত্যাজনিত আচরণ	suicidal behavior	     
 1 আধকপালে মাথা ব্যথা	migraine headaches	     
 1 আন্তঃধমনী অ্যান্টিবায়োটিক্স	intravenous antibiotics	     
 1 আপার গ্যাসট্রইনটেসটিনাল পদ্ধতি	upper gastrointestinal system	     
 1 আব বা টিউমার	tumor	     
 1 আবরণ/আস্তরণ	lining	     
 1 আবেগতাড়িত	impulsive	     
 1 আবেগ বিকলন	emotional distress	     
 1 আভ্যন্তররীণ রক্তক্ষরণ	internal bleeding	     
 2 আয়োডিনের অভাব	iodine deficiency	     
 1 আর্দ্রতাকারী	humidifier	     
 1 আলট্রাসাউন্ড প্রকৌশল	ultrasound technician	     
 1 ইনসুলিন	insulin	     
 1 ইনসুলিন পাম্পস	insulin pumps	     
 1 ইনসুলিন সহিষ্ণুতার পরীক্ষা	insulin tolerance test	     
 1 ইন্দ্রিয়বোধের গোলমাল অবস্থা	acute confusional state	     
 1 ইলেকট্রোলাইট	electrolytes	     
 1 ইলেক্ট্রকনভালসিভ থেরাপি	Electroconvulsive Therapy	     
 1 উচ্চ তরঙ্গদৈর্ঘ্যের শব্দ তরঙ্গ	high frequency sound waves	     
 1 উচ্চ সংক্রামক	highly contagious	     
 1 উত্তরজীবিতার হার বা সারভাইভ্যাল রেট	Survival rate	     
 1 উত্তরাধিকার সূত্রে প্রাপ্ত	inherited	     
 1 উত্তোলন	elevating	     
 1 উদ্বেগ অবস্থা	anxiety disorder	     
 1 উদ্ভট নয় এমন মতিভ্রম	non-bizarre delusions	     
 1 উপরি বাহু	upper arm	     
 1 উপলব্ধ	recommending	     
 1 উপশম	soothing	     
 1 উপস্থাপন	provide	     
 1 উর্বরতা	inhibit	     
 1 ঊরু বা ফিমোরাল ধমনী	femoral artery	     
 1 ঋজুতা	erection	     
 1 এঁটুলি	arachnids	     
 1 এঁটুলিজনিত পক্ষাঘাত	tick paralysis	     
 1 একইরকম জোড়	identical twin	     
 1 একক উপসরণি	single bypass	     
 1 একঘেয়ে বা দীর্ঘস্থায়ী ব্যথা	dull or chronic pain	     
 1 এক্টোপিক গর্ভাবস্থা	ectopic pregnancy	     
 1 এনডোক্রিন গ্রন্থিগুলি	endocrine glands	     
 1 এনডোস্কোপ	endoscope	     
 1 এন্ডোক্রিন প্রণালী	endocrine system	     
 1 এলার্জি জাত অবস্থা	allergic conditions	     
 1 এলোমেলোভাবে কথা বলা	rambling speech	     
 1 ঐচ্ছিক গর্ভনাশ	elective abortion	     
 1 ওজন হ্রাস	weight loss	     
 1 ওজনের ক্ষয়	weight loss	     
 1 ওষুধ	medication	     
 1 কঠিন হেপাটাইটিস	chronic hepatitis	     
 1 কণিকা বা বুদ্বদ	embolus	     
 1 কথা এবং ভাষাগত চিকিত্সা	Speech and language therapy	     
 1 কথা এবং ভাষা চিকিত্সাবিদ	Speech and language therapists	     
 1 কথাবার্তার দক্ষতা	communication skills	     
 1 কথোপকথন চিকিত্সা	communication therapy	     
 1 কমপালসন	compulsions	     
 1 করোনারি ধমনীর উপসরণি সংযোজন	Coronary artery bypass grafting	     
 1 কর্কশ	hoarseness	     
 1 কশাঘাত	Whiplash	     
 1 কাঁধের চ্যাপ্টা অংশ	shoulder blade	     
 1 কাঠিন্য	induration	     
 1 কারডিয়োভাসকুলার ব্যাধি	cardiovascular disease	     
 1 কার্বঙ্কল	carbuncle	     
 1 কার্যকরী গতিময়তা	functional movement	     
 1 কাশি	coughing	     
 1 কাশির সঙ্গে রক্ত পড়া	coughing up blood	     
 1 কাসিং'স সিনড্রোম	Cushings syndrome	     
 1 কিডনি ব্যধির শেষ ধাপ	end-stage kidney disease	     
 1 কিডনির ব্যাধি	kidney disease	     
 1 কৃত্রিম গর্ভনাশ	induced abortion	     
 1 কৃত্রিম পেসমেকার	artificial pacemaker	     
 1 কৃত্রিম বমন	induced vomiting	     
 1 কৃত্রিমভাবে রক্ত সংবাহন	artificial circulation	     
 1 কৃত্রিম শ্বসনপ্রক্রিয়া	artificial respiration	     
 1 কৃত্রিম হৃদযন্ত্র	artificial heart	     
 1 কেন্দ্রীয় স্নায়ু তন্ত্র	central nervous system	     
 1 কোমাচ্ছন্ন	comatose	     
 1 কোষ্ঠশুদ্ধি	purging	     
 1 ক্যাথিটার	catheter	     
 1 ক্যান্সারের সম্ভাবনাগ্রস্ত টিউমার	cancerous tumor	     
 1 ক্যালসিয়াম জমা হওয়া	calcium deposits	     
 1 ক্রোন'স ব্যাধি	Crohns disease	     
 1 ক্ষণ তাপ	hot flashes	     
 1 ক্ষত কোষকলা	scar tissue	     
 1 ক্ষত সৃষ্টি	scarred	     
 1 ক্ষতসৃষ্টি	scarring	     
 1 ক্ষতিকর কোষসমূহ	malignant cells	     
 1 ক্ষয়	erosion	     
 1 ক্ষার	basic	     
 1 ক্ষুদ্রকোষ ফুসফুস কারসিনোম	small cell lung carcinoma	     
 1 ক্ষুদ্রতর উপখণ্ডসমূহে	lobules	     
 2 ক্ষুধামান্দ্য	loss of appetite	     
 1 খড়খড়ে	scaly	     
 1 খড়খড়ে আঁশ জাতীয় লাল চামড়া	scaly red skin	     
 1 খাদ্যনালী	esophagus	     
 1 খাদ্যে বিষক্রিয়া	food poisoning	     
 1 খাবারের সমস্যা	eating disorder	     
 1 খিঁচ ধরা	cramps	     
 1 খোস	scabies infection	     
 1 গর্ত	burrow	     
 1 গর্ভধারণ	conceived	     
 1 গর্ভধারণ কালে বহুমূত্র	Gestational Diabetes	     
 1 গর্ভপাত	Miscarriage	     
 1 গর্ভযন্ত্রণা	labor pains	     
 1 গর্ভাবস্থা	pregnancy	     
 1 গর্ভাশয়	womb	     
 1 গর্ভাশয়ের সংর্কীর্ণ অংশ	cervix	     
 1 গলগণ্ড	Goiter	     
 2 গলাধঃকরণ	swallowing	     
 1 গলা ব্যথা	sore throat	     
 1 গহ্বরগুলি	cavities	     
 1 গুরুতর চিকিত্সাজনিত জটিলতা	serious medical complications	     
 1 গেঁটেবাত	Gout	     
 1 গোড়ালী ফোলা	swollen ankles	     
 1 গোষ্ঠী চিকিত্সা	group therapy	     
 1 গৌণ বন্ধ্যাত্ব্ব	secondary infertility	     
 1 গ্রীবাদেশীয় বা জাগ্যুলার শিরা	jugular vein	     
 1 ঘন এবং চটচটে	thick and sticky	     
 3 ঘন ঘন প্রস্রাব	frequent urination	     
 1 ঘনত্ব	density	     
 1 ঘনীভূত করা	freezing	     
 1 ঘর্ষণ	friction	     
 1 ঘর্ষথলি	bursa	     
 1 ঘাটতি	deficiency	     
 1 ঘোলাধরণের মূত্র	cloudy urine	     
 1 ঘ্রাণ সংক্রান্ত	olfactory	     
 1 চর্বিযুক্ত বা মশলাযুক্ত খাদ্য	fatty or spicy food	     
 1 চামড়া কুঞ্চিত হয়	wrinkling	     
 1 চামড়া বিবর্ণ	skin discoloration	     
 1 চামড়ায় ছোট ছোট লাল ফুসকুড়ি	rash	     
 1 চামড়ার উপরিভাগ মোটা কঠিন	thick crusts of skin	     
 1 চামড়া সংযোজন	Skin Grafting	     
 1 চিকিত্সাজনিত গর্ভনাশ	Therapeutic abortion	     
 1 চিকিত্সা সংক্রান্ত ইতিহাস	medical history	     
 1 চিকিত্সাসংক্রান্ত জরুরি অবস্থা	medical emergency	     
 1 চিকিত্সা সংক্রান্ত প্রতিচ্ছবি	medical imaging	     
 1 চিকিত্সা সতর্কতা	medical attention	     
 1 চুলকানি	Eczema	     
 1 চুলকানি	itching	     
 1 চুলকানিযুক্ত	itchy	     
 1 চেলোপোকা	mite	     
 1 চোখ দিয়ে জল পড়া	watery eyes	     
 1 চোখের ক্ষতি হওয়া	eye damage	     
 1 চোয়াল ফোলা	swollen jaw	     
 1 ছত্রাক	fungi	     
 1 ছত্রাক সংক্রমণ	fungal infection	     
 1 ছন্দযুক্ত	rhythm	     
 1 ছিঁড়ে যাওয়া	rupture	     
 1 ছোট অন্ত্র	small bowel	     
 1 জটিলতা	complications	     
 1 জন তথ্য পুস্তিকা	Public Information Booklet	     
 1 জন্মগত ত্রুটি	congenital defect	     
 1 জন্মগত বিচ্যুতি	congenital birth defects	     
 1 জন্ম-নিয়ন্ত্রণ	birth control	     
 1 জন্ম নিয়ন্ত্রণ বড়ি	Birth control pills	     
 1 জবরদস্তি	compulsion	     
 1 জমাট বাধা রক্ত	blood clot	     
 1 জরায়ু বা সার্ভিক্যাল ক্যানসার	cervical cancer	     
 1 জরায়ুর ক্যানসার	uterine cancer	     
 1 জরায়ুর ছিদ্র	uterine cavity	     
 1 জরায়ুর ফাইব্রয়েড	Uterine fibroids	     
 1 জরুরী অবস্থায় চিকিত্সার প্রতি দৃষ্টিপাত	emergency medical attention	     
 1 জরুরী কার্যপ্রণালী	emergency procedure	     
 1 জলীয় ভাব	hydrated	     
 1 জিনিসের অপব্যবহার	substance abuse	     
 1 জীবনযাত্রার পরিবর্তন	lifestyle changes	     
 1 জীবনের পক্ষে ঝুঁকিপূর্ণ	life-threatening	     
 1 জীবনের বৈশিষ্ট্যমূলক গুণ	quality of life	     
 1 জীবাণু	microorganisms	     
 1 জীবাণু প্রতিরোধকারী পদার্থ	antibodies	     
 1 জেনিটাল হারপিস	Genital herpes	     
 1 জেল	gel	     
 1 জৈব বিশ্লেষণ	biopsy	     
 1 জ্ঞান সম্পর্কে ধারণা	cognitive ability	     
 1 জ্বালা অনুভুত হওয়া	burning sensation	     
 1 জ্বালাময়	inflamed	     
 1 ঝিল্লীসমূহ	membranes	     
 1 টিউবাল লাইগেশান	Tubal ligation	     
 2 ট্রান্সজেনডার	transgender	     
 1 ট্রান্সসেক্স্যুয়াল	transsexual	     
 1 ঠেকনা	splint	     
 1 ডাইপার ফুসকুড়ি	Diaper rash	     
 1 ডিমেনশিয়া	Dementia	     
 1 ডিম্বাণু	ova	     
 1 ডিম্বাশয়সমূহ	ovaries	     
 1 ডিম্বাশয়ের ক্যানসার	Ovarian cancer	     
 1 ডীপ ভেইন থ্রম্বোসিস	Deep Vein Thrombosis	     
 1 ড্রাগের অপব্যবহার	drug abuse	     
 1 ঢেউখেলানো রেখা	wavy lines	     
 1 তড়িত স্রোত	electric current	     
 1 তন্তু সমূহ	tendons	     
 1 তপ্ত করা	burning	     
 1 তরঙ্গসমূহ	shock waves	     
 1 তরল	fluid	     
 1 তরল জমা	collection of fluid	     
 1 তরল পদার্থ নির্গত হওয়া	discharge	     
 1 তরল পদার্থের সঞ্চরন	fluid accumulation	     
 2 তরুনাস্থি	cartilage	     
 1 তলপেট	abdomen	     
 1 তলপেটে খিঁচ	abdominal cramps	     
 1 তলপেটে তীব্র ব্যথা	severe abdominal pain	     
 1 তলপেটে ব্যথা	ABDOMINAL PAIN	     
 1 তলপেটের নিম্নাংশের পোকা	Pubic lice	     
 1 তলপেটের প্রাচীর	abdominal wall	     
 1 তহবিল	funding	     
 1 তাত্পর্যপূর্ণ	significant	     
 1 তামাক চিবানো	chewing tobacco	     
 1 তারের ফাঁস	loop of wire	     
 1 তিলগুলি	moles	     
 1 তিল সমূহ	moles	     
 1 তীক্ষ্ণ ব্যথা	sharp pain	     
 1 তীব্র	acute	     
 1 তীব্র গেঁটেবাত	Acute gout	     
 1 তীব্র প্যানক্রিয়াটিটিস	acute pancreatitis	     
 1 তীব্রভাবে বৃ্ক্কের ব্যর্থতা	acute kidney failure	     
 1 তীব্র ল্যারিংজাইটিস	Acute laryngitis	     
 1 তীব্র হেপাটাইটিস	acute hepatitis	     
 1 তৃতীয় মাত্রার পোড়া	Third degree burns	     
 1 তেজস্ক্রিয় আয়োডিন	radioactive iodine	     
 1 তেজস্ক্রিয় পদার্থ	radioactive material	     
 1 ত্বকের অ্যালার্জি পরীক্ষা	skin allergy test	     
 2 ত্বকের ক্যানসার	skin cancer	     
 1 ত্বকের প্রতিক্রয়া	skin reaction	     
 1 ত্রি-উপসরণি	triple bypass	     
 1 ত্রিমাত্রিক প্রতিচ্ছবি	three-dimensional image	     
 1 ত্রুটিপূর্ণ মানসিক বিকাশজনিত ব্যধি	developmental disorder	     
 1 থাইরয়েড গ্রন্থি	thyroid glands	     
 1 থাইরয়েড নির্যাস	Thyroid extract	     
 1 থাইরয়েডরোধী ওষুধ	anti-thyroid medications	     
 1 থাইরযেড হরমোন	thyroid hormones	     
 1 থাইরয়েডের লঘুক্রিয়া হাইপোথাইরয়েডিজ	hypothyroidism	     
 1 থুতু	saliva	     
 1 দলগত সহায়তা	support groups	     
 1 দাঁত ব্যথা	toothache	     
 1 দাঁতে পুঁজ জমা	tooth abscess	     
 1 দাঁতের ক্ষয়	tooth decay	     
 1 দাগ পরীক্ষা	patch test	     
 1 দায়িত্বশীল	is responsible	     
 1 দীর্ঘস্থায়ী	chronic	     
 1 দীর্ঘস্থায়ী অচেতনতা	prolonged unconsciousness	     
 1 দীর্ঘস্থায়ী অবস্থা	chronic condition	     
 1 দীর্ঘস্থায়ী অসুস্থতা	chronic illness	     
 1 দীর্ঘস্থায়ী কোষ্ঠকাঠিন্য	chronic constipation	     
 1 দীর্ঘস্থায়ী ত্বকের অবস্থা	chronic skin condition	     
 1 দীর্ঘস্থায়ী পরিস্থতি	chronic condition	     
 1 দীর্ঘস্থায়ী প্যানক্রিয়াটাইটিস	chronic pancreatitis	     
 1 দীর্ঘস্থায়ী ল্যারিংজাইটিস	chronic laryngitis	     
 1 দুগ্ধ নালী	milk ducts	     
 1 দূষিত খাদ্য	contaminated food	     
 1 দেহ গহ্বর	body cavity	     
 1 দোকান থেকে প্রতিষেধক ওষুধ কেনা	over-the-counter remedies	     
 1 দ্বি-উপসরণি	double bypass	     
 1 দ্বিগুণ দৃশ্য	double vision	     
 1 দ্বিতীয় মাত্রার পোড়া	Second degree burns	     
 1 দ্রুত চিন্তা	racing thoughts	     
 1 দ্রুত হূদস্পন্দনের হার	quick heart rate	     
 1 ধমনীর রক্তের গ্যাসীয় পদার্থ	arterial blood gas	     
 1 ধাতব সংযুক্তি	metal implants	     
 1 ধারাবাহিক	continue	     
 1 নথিভূক্ত শুশ্রূষা যত্ন	registered nursing care	     
 1 নমুনা	samples	     
 1 নরম কোষকলার সারকোমা	Soft tissue sarcomas	     
 1 নাক থেকে জল পড়া	postnasal drip	     
 1 নাক বাহক হিসাবে কাজ করে	nasal carriers	     
 1 নাকের স্প্রে ফ্লু টীকা	nasal-spray flu vaccines	     
 1 নাড়ীর স্পন্দন	pulse	     
 1 নালী	duct	     
 1 নাসিকা পথ	nasal passages	     
 1 নিজস্ব-ভাবমূর্তি নীচ	low self-image	     
 1 নিজস্ব যত্ন	self care	     
 1 নিজের পরিষ্কার-পরিচ্ছন্নতা	personal hygiene	     
 1 নিজের ব্যাপারে উচ্চধারণা পোষণ	inflated self-esteem	     
 1 নিতান্ত ব্যক্তিগত সম্পর্ক	interpersonal relationship	     
 1 নিদ্রা পর্যবেক্ষণ	Sleep Study	     
 1 নিদ্রায় শ্বাসরোধ	Sleep Apnea	     
 1 নিবিড় চিকিত্সা	intensive treatment	     
 2 নিম্ন মলনালী	lower rectum	     
 1 নিম্ন রক্ত চাপ	low blood pressure	     
 1 নির্গমনদ্বার বাধাপ্রাপ্ত হওয়া	bladder outlet obstruction	     
 1 নির্ণয়	diagnosed	     
 2 নির্ণায়ক	eligibility	     
 2 নির্দেশিত শ্যাম্পু	prescription shampoo	     
 1 নির্বাচন করা	picking	     
 1 নিস্তেজ	sedated	     
 1 ন্যূনতম অধিক্রামক	minimally invasive	     
 1 ন্যূনতম অধিক্রামক শল্য চিকিত্সা প্রক্রিয়া	minimally invasive surgical procedure	     
 1 পথ্য পরিবর্তন	diet changes	     
 1 পন্থাগত	Strategic	     
 1 পরজীবী	parasites	     
 1 পরাগরেণু	pollen	     
 1 পরাধিকারচর্চক ভাবনা	intrusive thoughts	     
 1 পরাশ্রয়ী কীটপতঙ্গ	parasitic insects	     
 1 পরিকাঠামো	Framework	     
 2 পরিপাকনালী	digestive tract	     
 1 পরিপাক সহায়ক	digestive aid	     
 1 পরিবাহী	neurotransmitters	     
 1 পরিবেশগত কারণসমূহ	Environmental factors	     
 1 পরিষেবাগুচ্ছ	package of services	     
 1 পরোক্ষ ধূমপান	secondhand smoke	     
 1 পলিপস	polyps	     
 1 পলেস্তরার ছাঁচ	plaster cast	     
 1 পাকস্থলীর অভ্যন্তরস্থ আবরণ	stomach lining	     
 1 পাকাস্ত্রিক লক্ষণসমূহ	gastrointestinal symptoms	     
 1 পাতলা এবং পিচ্ছিল	thin and slippery	     
 1 পাতলা পায়খানা	diarrhea	     
 1 পায়ুগত রন্ধ্র বা অ্যানাল ফিশার	anal fissure	     
 1 পায়ের পাতার তল	soles	     
 1 পার্টুসিস	Pertussis	     
 1 পিটুইটারী অ্যাডিনোমাস	pituitary adenomas	     
 1 পিটুইটারী গ্রন্থি	pituitary gland	     
 1 পিত্ত রস	bile	     
 1 পুং জনন তন্ত্র	male reproductive system	     
 1 পুঁজ	pus	     
 1 পুঁজকোষ	cyst	     
 1 পুনর্বাসন	rehabilitation	     
 1 পুনর্বিন্স্ত	realigned	     
 1 পুনর্বিবেচনা	review	     
 1 পুনর্যাপন	re-live	     
 1 পুরু ও কঠিন ত্বক	Calluses	     
 1 পুরুত্ব	thickness	     
 1 পুরুষত্বহীনতা	male impotence	     
 1 পূনর্বিবেচনা	conducted	     
 1 পূর্বকালীন জন্ম	Preterm birth	     
 1 পূর্বানুমান	unpredictability	     
 1 পূর্বের অবস্থায় বিদ্যমান	pre-existing conditions	     
 1 পৃষ্টদেশে ব্যথা	back pain	     
 1 পেটের ছিদ্র	abdominal cavity	     
 1 পেটের পেশী সংকোচন	abdominal cramps	     
 1 পেরিটোনিয়াল ডাইঅ্যালিসিস	peritoneal dialysis	     
 1 পেশাজীবী	professionals	     
 1 পেশায় অংশগ্রহণের মাধ্যমে চিকিত্সা	Occupational therapy	     
 1 পেশি কঠিন	stiffness	     
 1 পেশি তন্তু	muscle fiber	     
 1 পেশির খিঁচ	muscle strain	     
 3 পেশির শ্লথন	muscle relaxant	     
 1 পেশী অক্ষম হয়	muscle paralysis	     
 1 পেশী কর্মক্ষমতা	muscle function	     
 1 পেশী কোষকলা	muscle tissue	     
 1 পেশীবহুল নালী	ureters	     
 1 পেশীর কোষ পরীক্ষা	muscle biopsy	     
 1 পেশীর ক্ষয়	Muscular dystrophy	     
 1 পোলাকিউরিয়া	Pollakiuria	     
 1 প্যানক্রিয়াটিক কারসিনোমা	pancreatic Carcinoma	     
 1 প্যাপানিকোলাউ পরীক্ষা	Papanicolaou test	     
 1 প্রকোষ্ঠাস্থির গর্তের অস্বাভাবিকতা	Carpal tunnel syndrome	     
 1 প্রতিচ্ছবি তোলার কৌশল	imaging technique	     
 1 প্রতিপ্রভ পর্দা	fluorescent screen	     
 1 প্রতিবন্ধকতা সৃষ্টিকারী	obstructive pulmonary	     
 1 প্রতিরোধ ক্ষমতা	immune system	     
 1 প্রতিরোধী ব্যবস্থা	immune system	     
 1 প্রথম মাত্রার পোড়া	First degree burns	     
 1 প্রদাহ	inflammation	     
 2 প্রদাহযুক্ত অ্যাপেনডিক্স	inflamed appendix	     
 1 প্রদাহরোধী	anti-inflammatory	     
 1 প্রদাহরোধী ওষুধ	anti-inflammatory medication	     
 1 প্রসারণ	Atelectasis	     
 1 প্রস্টেইটের-বিশেষ অ্যান্টিজেন টেস্ট	prostate-specific antigen test	     
 1 প্রস্রাব করার সময় ব্যথা	pain during urination	     
 1 প্রস্রাবের মধ্যে রক্ত নিঃসৃত	blood in the urine	     
 1 প্রস্রাবের মধ্যে রক্ত নিঃসৃত হওয়া	blood in the urine	     
 1 প্রাদুর্ভাব	outbreaks	     
 1 প্রান্তস্থলী	alveoli	     
 1 প্রায়াপিজম	Priapism	     
 1 প্রারম্ভিক চিকিত্সা	early treatment	     
 1 প্রোটন পাম্প সংবাধক	Proton Pump Inhibitors	     
 1 প্রোথিত	implanted	     
 1 প্লুরিসি	Pleurisy	     
 1 ফুসফুস প্রতিস্থাপন	lung transplant	     
 1 ফুসফুসীয় এডিমা	pulmonary edema	     
 1 ফুসফুসীয় এমবোলিজম	pulmonary embolism	     
 1 ফুসফুসীয় ধমনী	pulmonary arteries	     
 1 ফুসফুসের আয়তন	lung volume	     
 1 ফুসফুসের কার্য সংক্রান্ত পরীক্ষা	Pulmonary function test	     
 1 ফুসফুসের কোষকলা	lung tissue	     
 1 ফুসফুসের দীর্ঘস্থায়ী প্রতিবন্ধকতা সৃষ্টিকারী রোগ	chronic obstructive pulmonary disease	     
 1 ফুসফুসের বায়ু পরিমাপক পরীক্ষা নামে পরিচিত	spirometry	     
 1 ফুসফুসের সংবহনের দীর্ঘস্থায়ী রোগ	chronic obstructive pulmonary diseases	     
 1 ফুসফুসের সূক্ষ্ম জৈব বিশ্লেষণ	lung needle biopsy	     
 1 ফুস্কুড়ি	pimples	     
 1 ফোড়া	boil	     
 1 ফোলা জায়গা	swollen area	     
 1 ফোস্কা	blisters	     
 1 ফ্যালোপাইন নালী	Fallopian tube	     
 1 ফ্যালোপিয়ান নালী	Fallopian tubes	     
 1 ফ্রাইবোসিস	fibrosis	     
 1 ফ্র্যাকশনেশন	fractionation	     
 1 ফ্লু শট	flu shot	     
 1 বংশগত চারিত্রিক বৈশিষ্ট্	genetic traits	     
 1 বংশগত রোগ	inherited disease	     
 1 বংশানুক্রমিক পেশীর রোগ সমূহ	hereditary muscle diseases	     
 1 বংশানুক্রমে	genetics	     
 1 বংশানুগতি সংক্রান্ত	genetics	     
 1 বক্ষ প্রাচীর	chestwall	     
 1 বড় হরফ	large print	     
 1 বন্ধ নাক	nasal congestion	     
 1 বন্ধ্যাত্ব্ব	Infertility	     
 1 বমি	vomiting	     
 1 বমিভাব	nausea	     
 2 বয়ঃবৃদ্ধির প্রক্রিয়া	aging process	     
 1 বরফ দিয়ে	icing	     
 1 বহনযোগ্য যন্ত্র	portable device	     
 1 বহিঃত্বক	epidermis	     
 1 বহির্বিভাগের রোগী	outpatient	     
 1 বহিস্থঃ রশ্মি বিকিরণের চিকিত্সা	External-beam radiation therapy	     
 1 বহুমুখী দল	multi-disciplinary team	     
 1 বহূমূত্র	diabetes	     
 1 বাচ্চার জন্ম	childbirth	     
 1 বাছাইকরণ	screening	     
 1 বাতাস চলাচলকারী নালী	windpipe	     
 1 বায়ু জমে ওঠা	buildup of air	     
 1 বায়ুথলি	air sacs	     
 1 বায়ুনালী বীক্ষণ	bronchoscopy	     
 1 বায়ুপথসমূহে	airways	     
 1 বালির শক্তকণা	grain of sand	     
 1 বাস্তব অস্তিত্বের অস্বাভাবিক স্পষ্টকরণ	abnormal interpretation of reality	     
 1 বাস্তববিবর্জিত দৃষ্টি	inattentive staring	     
 1 বাহক	carriers	     
 1 বিকশিত	growths	     
 1 বিকশিত ভ্রূণ	fetus	     
 1 বিকাশজনিত সমস্যা	developmental problems	     
 1 বিকিরণ চিকিত্সা	radiation therapy	     
 1 বিচারব্যবস্থার ক্ষতি	impaired judgment	     
 1 বিচ্যুতি	dislocation	     
 1 বিতৃষ্ণা	nausea	     
 2 বিদ্যুতবহ	electrodes	     
 1 বিদ্যুত্ প্রবাহ	electricity	     
 1 বিধিনিষেধ	restriction	     
 1 বিপজ্জনক	dangerous	     
 1 বিপদজনক নয়	benign	     
 1 বিপরীত ঘটক	contrast agent	     
 1 বিপরীতধর্মী রঞ্জক	contrast dye	     
 1 বিপাকীয় ক্রিয়া	metabolism	     
 1 বিশৃঙ্খল আচরণ	disorganized behavior	     
 1 বিশ্লেষণ	analyze	     
 1 বিষক্রিয়া নাশ করা	detoxification	     
 1 বিষাক্ত পদার্থ সমূহ	toxins	     
 1 বিস্ফীতকরণ	deflation	     
 1 বীর্যপাত কালে	ejaculation	     
 1 বীর্য বিশ্লেষণ	Semen Analysis	     
 1 বীর্যের অঙ্গসংস্থান	sperm morphology	     
 1 বীর্যের সংখ্যা	sperm count	     
 1 বুক জ্বালা	heartburn	     
 1 বুক ধড়ফড়ানি	palpitations	     
 1 বুকের গর্ত	chest cavity	     
 1 বুকে সংবদ্ধরাখা	chest compressions	     
 1 বৃক্কঘটিত ডাইঅ্যালিসিস	Renal dialysis	     
 1 বৃক্ক বৈকল্য	kidney failure	     
 1 বৃক্ক হানি	kidney damage	     
 1 বৃক্কীয় গ্রন্থি	adrenal glands	     
 1 বৃক্কে পাথর	kidney stones	     
 1 বৃদ্ধির কারণ	triggers	     
 1 বৃদ্ধিসমূহ	growths	     
 1 বৃহদন্ত্র	large intestine	     
 1 বৃ্ক্ক প্রতিস্থাপন	kidney transplant	     
 1 বৃ্ক্কের দীর্ঘস্থায়ী ব্যধি	chronic kidney disease	     
 1 বেপরোয়া আচরণ	reckless behavior	     
 1 বেরিয়াম সালফেট	barium sulfate	     
 1 বেশীমাত্রায় মতিভ্রম	grandiose delusions	     
 1 বৈদ্যুতিক উদ্দীপক	electrical stimulators	     
 1 বৈদ্যুতিক কার্যপ্রণালী	electrical activity	     
 1 বৈদ্যুতিক ক্রিয়াকলাপের কার্যক্ষম	electrical activity	     
 1 বৈদ্যুতিকঘাত	electrical impulses	     
 1 বৈদ্যুতিক সংকেতসমূহ	electrical signals	     
 1 বৈদ্যুতিক সক্রিয়তা	electrical activity	     
 1 বোধ আচরণগত চিকিত্সা	cognitive behavioral therapy	     
 1 ব্যথা	aching	     
 1 ব্যথা সংগ্রাহী	pain receptor	     
 1 ব্যবহারজনিত চিকিত্সা	Behavioral therapy	     
 1 ব্যবহারিক দক্ষতা	behavior skills	     
 1 ব্যাস	diameter	     
 1 ব্রণ	acne	     
 1 ভগ্নমনস্কতা	schizophrenia	     
 1 ভয়ানক শ্বাসসংক্রান্ত সংক্রমণ	serious respiratory infection	     
 1 ভয়েস বক্স	voice box	     
 1 ভাইরাসঘটিত সংক্রমণ	viral infection	     
 2 ভাবনার সমস্যা	thought disorder	     
 1 ভার তোলা	heavy lifting	     
 1 ভারসাম্যহীনতা	imbalance	     
 1 ভাষা সক্ষমতার হানি	impaired language ability	     
 1 ভেসিকোরেটেরাল রিফ্লাক্স	vesicoureteral reflux	     
 1 ভ্রমগ্রস্থ ক্ষিপ্তাবস্থা	paranoid rage	     
 1 ভ্রূণ	fetus	     
 1 মচকানো	sprain	     
 1 মতিভ্রম	delusions	     
 1 মদের নেশাগ্রস্থ	alcoholism	     
 1 মদেরনেশাগ্রস্থ	alcoholism	     
 2 মদের প্রতি নির্ভশীলতা	Alcohol dependence	     
 1 মধুমেহ	diabetes	     
 1 মনকে আছন্ন করে	obsessions	     
 1 মনসংক্রান্ত সাক্ষাত্কার	psychiatric interview	     
 1 মনস্তাত্ত্বিক চিকিত্সা	Psychotherapy	     
 1 মনের গতির সমস্যাসমূহ	mood problems	     
 1 মনোনীত	nominates	     
 1 মনোবৈকল্য	psychosis	     
 1 মল ত্যাগ	bowel movement	     
 1 মলদ্বার	anus	     
 1 মলনালী	rectum	     
 1 মলাশয়	colon	     
 1 মলে রক্ত	blood in the stool	     
 1 মস্তিষ্কের রক্তবাহী নালী	cerebral blood vessels	     
 1 মস্তিষ্কের সক্রিয়তা	brain activity	     
 1 মাইক্সেডিমা কোমা	myxedema coma	     
 1 মাত্রা	degree	     
 1 মাত্রাতিরিক্ত ওষুধ প্রয়োগ	medication overdoses	     
 1 মানসিক আঘাত	trauma	     
 1 মানসিক ক্ষমতা	mental capacity	     
 1 মানসিক চিকিত্সা	Psychotherapy	     
 1 মানসিক চিকিত্সা সমন্বিত মূল্যায়ণ	comprehensive psychiatric evaluation	     
 1 মানসিক বিষাদ	depression	     
 1 মানসিক স্নায়ুরোগ	psychological trauma	     
 1 মানুষের দৃষ্টিভ্রম	hallucinations	     
 1 মারাত্মক	deadly	     
 1 মারাত্মক বৃদ্ধি	malignant growth	     
 1 মাল্টিপল এনডোক্রিন নিওপ্লেসিয়া	Multiple Endocrine Neoplasia	     
 1 মাসিক	menstrual periods	     
 1 মাস্তুক সম্বন্ধীয় তরল বিশ্লেষণ	synovial fluid analysis	     
 1 মিলিয়ে যাবে না	non-absorbable	     
 1 মুখগহ্বর	stoma	     
 1 মুখ্য বন্ধ্যাত্ব্ব	primary infertility	     
 1 মুত্রনালীর সংক্রমণ	urinary tract infections	     
 1 মুল্যবোধহীনতা	worthlessness	     
 1 মূত্রথলির নিয়ন্ত্রণ	bladder control	     
 1 মূত্রথলির নির্গমনদ্বার বাধাপ্রাপ্ত হওয়া	bladder outlet obstruction	     
 1 মূত্রনালী	urethra	     
 1 মূত্রনালীর সংক্রমণ	urinary tract infection	     
 1 মূত্রস্থিত পদার্থ সমূহ	urinary materials	     
 1 মূত্রে অক্ষমতা	inability to urinate	     
 2 মূত্রের বেগধারণে অক্ষমতা	Urinary incontinence	     
 1 মূল তাপমাত্রা	core temperature	     
 1 মূল্যায়ন	assess	     
 1 মূল্যায়ন সমণ্বয়কারী	Assessment Coordinator	     
 1 মৃগীজনিত অচেতনতা	epileptic seizures	     
 1 মেজাজ পরিবর্তন	mood swings	     
 1 মেরুদন্ডের অস্থি	vertebrae	     
 1 মোক্তারনামা	Power of Attorney	     
 1 মোটরগাড়ি দুর্ঘটনা	automobile accidents	     
 1 ম্যাগনেটিক রেজোন্যান্স ইমেজিং	Magnetic resonance imaging	     
 1 ম্যাসটেক্টোমি	mastectomy	     
 1 যকৃত ক্যান্সার	liver cancer	     
 1 যকৃত হানি	liver damage	     
 1 যকৃতের দীর্ঘস্থায়ী রোগ	chronic liver disease	     
 1 যক্ষারোগ	Tuberculosis	     
 1 যক্ষ্মার ত্বকীয় পরীক্ষা	Tuberculosis Skin Test	     
 1 যথেষ্ট জল গ্রহণ করে	hydrated	     
 1 যোনিজ রক্তক্ষরণ	vaginal bleeding	     
 1 যোনিজ স্রাব	vaginal discharge	     
 2 যোনিদ্বার	vulva	     
 1 যোনি পথ	vagina	     
 1 যোনিপথে জন্মদান	vaginal birth	     
 1 যোনিপথের ক্যানসার	vaginal cancer	     
 1 যৌনব্যাধি	the clap	     
 1 যৌন সংবাহী	sexually transmitted	     
 1 যৌন-সংযোগ	sexual contact	     
 1 যৌনসঙ্গম	sexual intercourse	     
 1 যৌনাঙ্গ	genitals	     
 1 যৌনাঙ্গ সংলগ্ন স্থান	genital area	     
 1 যৌনাঙ্গে ব্যথা	genital pain	     
 3 যৌনাঙ্গের ক্যান্সার	genital cancer	     
 1 যৌনাঙ্গের গুটিকা	Genital Warts	     
 1 রকি মাউনটেন স্পটেড জ্বর	Rocky Mountain spotted fever	     
 1 রকি মাউনটেন স্পোটেড জ্বর	Rocky Mountain spotted fever	     
 1 রক্তক্ষরণ	hemorrhage	     
 1 রক্তক্ষরণ প্রবণতা	hemophilia	     
 1 রক্তনালীর অস্বাভাবিক গঠন	abnormal vascular structure	     
 1 রক্তপ্রবাহ	bloodstream	     
 1 রক্ত সংবহনকারী ধমনী	coronary arteries	     
 1 রক্ত সংবহনকারী ধমনীর ব্যাধি	Coronary Artery Disease	     
 1 রক্ত সংবাহী নালীর প্রাচীর	blood vessel wall	     
 1 রক্তসঞ্চয়জনিত হূদবৈকল্য	Congestive Heart Failure	     
 1 রক্তসঞ্চয়জনিত হৃদযন্ত্র ব্যর্থতা	congestive heart failure	     
 1 রক্ত সঞ্চালন প্রক্রিয়া	Blood transfusion	     
 1 রক্তস্ফোটক	hives	     
 1 রক্তস্ফোটক সমূহ	Hives	     
 1 রক্তে উচ্চ শর্করা	high blood sugar	     
 1 রক্তের কোষসমূহ	blood cells	     
 1 রক্তের ঘনমান	blood volume	     
 1 রক্তের ঘনীভবন	blood clotting	     
 1 রক্তের শর্করার মাত্রা	blood sugar levels	     
 1 রজঃপূর্ব স্নায়বিক চাপ	Premenstrual tension	     
 1 রজঃস্রাব	menses	     
 1 রজঃস্রাব	menstruation	     
 1 রজঃস্রাবের সময়	menstrual period	     
 1 রজোনিবৃত্তি	menopause	     
 1 রঞ্জনরশ্মির সাহায্যে আলোকচিত্র	x-ray	     
 1 রাত্রে ঘাম হওয়া	night sweats	     
 1 রাসায়নিক চিকিত্সা	chemotherapy	     
 1 রাসায়নিক পদার্থ	chemicals	     
 1 রাসায়নিক বিশ্লেষণ	chemical analyses	     
 1 রাসায়নিক সক্রিয়তাসহ	chemical activity	     
 1 রুবেলা	rubella	     
 1 রেট্রোগ্রেড ইউরিন ফ্লো	retrograde urine flow	     
 1 রেডিওলোজি স্ক্যান	radiology scan	     
 2 রেডিয়েশন	radiation	     
 1 রোগবিজ্ঞনী	pathologist	     
 1 রোগলক্ষণ নির্ণয়	diagnose	     
 1 রোগীর শরীরের উপরিভাগ	body surface area	     
 1 রোগীর সর্বোত্তম স্বার্থে	Interests of the patient	     
 1 রোধ	inhibit	     
 1 লসিকা পর্বগুলি	lymph nodes	     
 2 লাইম ব্যধি	Lyme disease	     
 1 লাম্পেক্টোমি	lumpectomy	     
 1 লাল হয়ে ফুলে যাওয়া	red bumps	     
 1 লিউকোমিয়া	leukemia	     
 2 লিঙ্গ	penis	     
 1 লিঙ্গোত্থান জনিত নিষ্ক্রিয়তা	Erectile dysfunction	     
 1 লিভারের সিরোসিস	liver  cirrhosis	     
 1 লিমফোমা	lymphoma	     
 1 লেসার রশ্মির চিকিত্সা	laser treatment	     
 1 লোমকূপগুলি	pores	     
 1 লোহিত কণিকার স্তরীভবনের হার	erythrocyte sedimentation rate	     
 1 ল্যারিংজাইটিস	Laryngitis	     
 1 শয্যাশায়ী থেকে বিশ্রাম গ্রহণ	bed rest	     
 1 শল্যচিকিত্সার কিনারা	surgical margin	     
 1 শল্য পদ্ধতি	surgical procedure	     
 1 শারীরিক চিকিত্সক বা ফিজিক্যাল থেরাপিস্ট	Physical therapists	     
 1 শারীরিক নির্ভরশীলতা	physical dependence	     
 1 শিক্ষামূলক চিকিত্সা	educational therapy	     
 1 শিথিল করার কৌশল	relaxation techniques	     
 1 শিরশিরানি	tingling	     
 1 শিরাভ্যন্তরীণ পাইয়েলোগ্রাম	intravenous pyelogram	     
 1 শিরার অভ্যন্তরে	intravenously	     
 1 শীঘ্রকোপিত্ব্ব	irritability	     
 1 শুক্রনালী/শুক্রাণুবাহী নালী	spermatic cord	     
 1 শুক্রাণু	sperm	     
 1 শুভচেতনা	sense of well-being	     
 1 শোঁ শোঁ	wheezing	     
 1 শ্বাসক	inhaler	     
 1 শ্বাস গ্রহণ	breathe	     
 1 শ্বাস তন্ত্র	Respiratory System	     
 1 শ্বাসনালী	airways	     
 1 শ্বাসনালী বন্ধ হয়ে যাওয়া	congestion	     
 1 শ্বাসনালীর উপরিভাগ	upper respiratory tract	     
 1 শ্বাস নেওয়ার যন্ত্র	breathing machine	     
 1 শ্বাস প্রশ্বাস সংক্রান্ত প্রণালী	respiratory system	     
 1 শ্বাসপ্রশ্বাসের স্বল্পতা	shortness of breath	     
 1 শ্বাসরুদ্ধ	choking	     
 1 শ্রবণিক	auditory	     
 1 শ্লৈষ্মিক-ঝিল্লী	mucous membranes	     
 1 সংকুচিত	constrict	     
 1 সংকুচিত	contract	     
 1 সংক্রান্ত প্রণালী	respiratory system	     
 1 সংক্রামক রোগ	infectious disease	     
 1 সংক্রামণ সমূহ	infections	     
 1 সংঘর্ষ	impact	     
 1 সংবহন তন্ত্র	circulatory system	     
 1 সংবেদনশীলতা	sensitivity	     
 1 সংযুক্ত মৌখিক গর্ভনিরোধক বড়ি	combined oral contraceptive pills	     
 1 সংযোগকারী কোষকলা	connective tissue	     
 1 সংশ্লেষণাত্মকভাবে	synthetically	     
 1 সংশ্লেষী উপাদান	synthetic materials	     
 1 সক্রিয় নাইট্রাইট ফলাফল	positive nitrite result	     
 1 সঙ্গম	intercourse	     
 1 সচেতন সম্মতি	informed consent	     
 1 সঞ্চারণ দক্ষতা	motor skills	     
 1 সঞ্চালন	circulation	     
 1 সন্তান-সন্ততি	offspring	     
 1 সন্ধিস্থল	joint	     
 1 সন্ধিস্থলের প্রদাহ	joint inflammation	     
 1 সন্ন্যাসের আক্রমণ	seizures	     
 1 সমন্বয়মূলক	comprehensive	     
 1 সমুন্নতি	elevation	     
 1 সম্পূর্ণ থাইরয়েডেক্টোমি	total thyroidectomy	     
 1 সম্পূর্ণভাবে ছিন্ন	complete tears	     
 1 সম্পূর্ণ রক্ত গণনা	complete blood count	     
 1 সম্পূর্ণ সুষুম্না কাণ্ডের আঘাত	complete spinal cord injuries	     
 1 সম্ভাবনাপূর্ণ	expectancy	     
 1 সম্মতি নির্দেশনা	Guidance on consent	     
 1 সরিয়ে নিতে	dislodge	     
 1 সর্বস্বত্ত্ব সংরক্ষিত	All rights reserved	     
 1 সহায়তা ও সহযোগ	coping and support	     
 1 সাইকোটিকজনিত মানসিক ব্যধিরসমূহ	psychotic mental disorders	     
 1 সাইনাস	sinuses	     
 1 সাদা স্তর জমা	plaque accumulation	     
 2 সাধারণ উদ্বেগজনিত ব্যধি	Generalized anxiety disorder	     
 1 সাধারণ গর্ভধারণ	normal pregnancies	     
 1 সাধারণ ঠান্ডা লাগা	common cold	     
 1 সামাজিক কর্ম	community activities	     
 1 সামাজিক দক্ষতা	social skills	     
 1 সামাজিক যত্ন	social care	     
 1 সামান্য ছেদন	small incision	     
 1 সামান্য তেজস্ক্রিয় ঘটক	slightly radioactive agent	     
 1 সারানোর প্রক্রিয়া	healing process	     
 1 সিগময়েড মলাশয়	sigmoid colon	     
 1 সিনজেনিক অস্থি মজ্জা প্রতিস্থাপণ	syngeneic bone marrow transplant	     
 1 সিনথেটিক বস্তু	synthetic materials	     
 1 সিসটিক ফাইব্রোসিস	Cystic fibrosis	     
 1 সীমান্ত	border	     
 1 সুষুম্না কাণ্ডের আঘাত	Spinal cord injury	     
 2 সুষুম্নাস্থি	vertebrae	     
 1 সুস্পষ্ট ধারণাজনিত আচরণ	positive thought behaviors	     
 1 সূর্যরশ্মিতে পোড়া	sunburn	     
 1 সেলাই	stitches	     
 1 স্কোয়ামাস সেল কার্সিনোমা	squamous cell carcinoma	     
 1 স্টেরয়েড-বর্জিত প্রদাহরোধী ওষুধ	nonsteroidal anti-inflammatory drug	     
 1 স্টেরাইল তরল	sterile liquid	     
 1 স্তনের কোমলতা	breast tenderness	     
 1 স্তনের কোষকলা	breast tissue	     
 1 স্তনের পরীক্ষা	breast examinations	     
 1 স্ত্রী ঋতু চক্র	female menstrual cycle	     
 1 স্ত্রী জনন তন্ত্র	female reproductive system	     
 1 স্ত্রীরোগজনিত ক্যানসার	gynecologic cancer	     
 1 স্ত্রীরোগ সংক্রান্ত পরিস্থিতি	gynecological conditions	     
 1 স্থানিক চিকিত্সা	topical treatments	     
 1 স্থানীয় অনুভূতিনাশক	local anesthetic	     
 1 স্থানীয় বিবাদ সমাধান প্রণালী	Local Dispute Resolution Procedure	     
 1 স্থায়ী খোস	crusted scabies	     
 1 স্নায়ুগত গঠন বা কাজকর্ম	neurological structure or function	     
 1 স্নায়ুতন্ত্র	nervous system	     
 1 স্নায়ুপুঞ্জ	nerves	     
 2 স্নায়ুর গোড়া	nerve roots	     
 2 স্পর্শনেন্দ্রিয় সম্বন্ধী	tactile	     
 1 স্পাইনাল ক্যানাল	spinal canal	     
 1 স্বতঃস্ফুর্ত গর্ভনাশ	spontaneous abortion	     
 1 স্বয়ংক্রিয় বহিঃস্থ ডেফিব্রিলেট	Automated External Defibrillators	     
 1 স্বর কমে যাওয়া	loss of voice	     
 1 স্বরতন্ত্রী	vocal cords	     
 1 স্বরযন্ত্র	larynx	     
 1 স্বরযন্ত্রের প্রদাহ	Laryngitis	     
 1 স্বাদ ও গন্ধের ক্ষমতা হ্রাস	decreased taste and smell	     
 1 স্বাস্থ্য পরিষেবা প্রদানকারী	health care provider	     
 1 স্বেচ্ছা উপবাস	self-starvation	     
 2 স্মৃতিভ্রংশ	dementia	     
 1 হজমের সমস্যা	digestive problems	     
 1 হরমোন প্রতিস্থাপন চিকিত্সা	hormone replacement therapy	     
 1 হাইড্রোনেফ্রোসিস	Hydronephrosis	     
 1 হাঁচি	sneezing	     
 1 হাঁপানির শব্দ	whooping sound	     
 1 হাঁপানী	Asthma	     
 1 হাঁপানীর আক্রমণ	asthma attack	     
 1 হাড় পাতলা করে	bone thinning	     
 1 হাড় ভঙ্গুর	brittle bones	     
 1 হান্টিংটন'স ব্যাধি	Huntingtons disease	     
 1 হাম	German measles	     
 1 হাসপাতালে থাকা	hospitalization	     
 1 হূদপেশী বৈকল্য	Cardiomyopathy	     
 1 হূদবৈকল্য	heart failure	     
 1 হূদযন্ত্রের জন্মগত ত্রুটি	congenital heart defect	     
 1 হূদযন্ত্রের রক্ত সংবহনকারী ধমনীর অসুস্থতা	coronary artery disease	     
 1 হৃদ ছন্দ	heart rhythm	     
 1 হৃদপিণ্ড প্রতিস্থাপন	heart transplant	     
 1 হৃদপিন্ডে রক্ত সরবরাহকারী ধমনী	coronary artery	     
 1 হৃদপেশী সমূহ	heart muscles	     
 1 হৃদ প্রকোষ্ঠ	heart chambers	     
 1 হৃদযন্ত্রে বিদ্যুত্ পরিবহন ব্যবস্থা	heart's electrical conduction system	     
 1 হৃদযন্ত্রের সক্রিয়তা	heart activity	     
 1 হৃদ শল্য চিকিত্সা	heart surgery	     
 1 হৃদ্ স্পন্দনের হার	heart rate	     
 1 হে জ্বর	hay fever	     
 1 হেমর্হেজিক স্ট্রোক	hemorrhagic stroke	     
