alanine aminotransferase	alanina aminotransferase
as clinically indicated patient	no caso de pacientes com indicação clínica
build-up techniques	técnicas de restauração (ou reconstrução) dentária
cheek pouch	interior da bochecha
CPAP Breathing System	sistema de ventilação
Hexalobe driver shaft	haste de fixação hexalobular
immunophenotyping	imunofenotipagem
Organising pneumonia	Pneumonia em organização
Routine CSF surveillance	vigilância de rotina do LCR
tension-spanning sutures	sutura com tensão controlada
tooth fracture	fratura (parcial) de dente
tunneler	tunelizador
Wire-rimmed Jackson cross-cylinders	Cilindros cruzados de Jackson de aros metálicos
fructase	FRUCTOSA
absent external/middle ear	estruturas dos ouvidos médio/externo ausentes ou anotia dos ouvidos médio/externo
APD334 exposure	exposição ao/contacto com o APD334
background standard of care	medicamentos de base/de toma regular prescritos pelo médico
Bilayer Mesh	tela PHS ou tela dupla
BRAF mutation	mutação do gene BRAF
Chancre	cancro venéreo
collar button	tubo de ventilação tipo carretel/collar button
cone effect	efeito/formação de cone
conformal	conformadas
control syringe	seringa de 3 anéis
Core International ICF	Categorias de Base (Core Sets) da Classificação Internacional de Funcionalidade (CIF)
De-escalating surgery	Desescalar procedimento cirúrgico/cirurgia
disc spreader	espaçador/afastador discal
Dispatch Hospital Cleaner Disinfectant	desinfetante de limpeza hospitalar Dispatch®
drainage sheet	dreno laminar
driving the expression	a(c)tivação da expressão/a(c)tivar a expressão/que a(c)tivam a expressão
Embrasure Lines	linhas da ameia ou embrasura
factory and configuration departmental default minimum and maximum values	valores máximos e mínimos configurados de fábrica e em função do departamento/do serviço
farmer field school	escola de campo agrícola
fearless cold, fever	arrepios de frio/calafrios fortes, febre
fecal occult blood testing	exame/teste/pesquisa de sangue oculto nas fezes
fellow	membro
fitting cross	cruz de fixação
full-length recombinant factor viii	fator VIII (de coagulação) recombinante de comprimento total /completo
gastric bypass surgery	técnica cirúrgica/cirurgia do bypass gástrico em Y-de-Roux
gentle cuff solution	solução em manguitos de material macio
humpectomy	redução/ressecação da giba dorsal/do dorso nasal
Invasive mould disease (IMD)	infe(c)ção/doença fúngica invasiva
Jackhammer esophagus	esô(ó)fago hipercontrá(c)til
Leprosy	lepra, doença de Hansen ou hanseníase (pt)/hanseníase (br)
lifestyle drug	medicamentos de bem-estar
microRNA addbacks	reposições de microRNA ou miRNA
MRA stroke(enhance)	acidente cerebrovascular diagnosticado por angiorressonância magnética (com contraste)
neck retching	ânsia do vómito com espasmos/contração involuntária/rigidez dos músculos do pescoço
noxious range	campo do estímulo nóxico/nociceptivo
open-label study	estudo/ensaio clínico aberto
pgx dna isolation	isolamento de ADN genó(ô)mico
planar	linearidade no intervalo de confiança de 95%
port side hernia	hérnia em orifício/sítio de trocarte/punção
present and assert the same	Por ser verdade e me ter sido pedido, dato e assino o presente atestado
procedural treatment	tratamento de intervenção/terapêutico
Prognostic Stage Group	grupo de estadiamento/prognóstico ou grupo de estadiamento para (determinação de) prognóstico
radix breakpoint	ponto de fratura/quebra do radix (da raiz nasal)
redrape	reposicionar(-se)
registered/enrolled nurse	enfermeiro de cuidados gerais/graduado ou diplomado/especializado
remitter	remitente/paciente em remissão
right internal jugular port placement	colocação da porta na veia jugular interna direita
short rail catheter	cateter de troca rápida
significant contract	contrato principal
slide	abertura/espaço do intervalo dos rotadores
Steris model Reliance	modelo Reliance da Steris
supernate	sobrenadante
ThinPrep Broom-like device	dispositivo (de amostragem) do tipo escova da citologia em meio líquido (thinprep)
thinprep pap	teste de Papanicolau com citologia em meio líquido (thinprep)
TK animals	animais para avaliação toxicocinética
trailer region	região trailer ou terminadora
treater and non-treater	médico interveniente e médico não interveniente no tratamento
treatment slot	sessão de tratamento (de/por radioterapia)
under-buttocks pouch drape	campo cirúrgico para região glútea com bolsa coletora
Upslip	Disfunção em «up-slip» ou superioridade do ilíaco
wing beater	rotor do ventilador/de pás ou moinho com rotor ventilador
wrap	envelope
abandonic	abandônico
abarticular	abarticular
abasia	abasia
abasic	abásico
abdomen	abdômen
abdominoplasty, tummy tuck	abdominoplastia
abduction	abdução
abductor	abdutor
aberrant	aberrante
aberration	aberração
ablation	ablação
ablepharia	ablefaria
abnormal	anormal
abortion	aborto
abortive	abortivo
abrachia	abraquia
abrasion	abrasão
abrasive	abrasivo
abreaction	ab-reação
abscess	abcesso
abscessed	abcedido
abscissa	abcissa
absence	ausência
absenteeism	absentismo
absorbent	absorvente
abstemious	abstêmio
abstinent	abstinente
abulia	abulia
abuse	abuso
acalculia	acalculia
acanthocyte	acantócito
acanthocytosis	acantocitose
acanthosis	acantose
acarids	acarídeos
acariosis	acariose
acaryote	acariota
acathisia, akathisia	acatisia
accelerin	acelerina
accommodation	acomodação
accuminate	acuminado
ACD (gene)	ACD (gene)
acetabular	acetabular
acetabuloplasty	acetabuloplastia
acetabulum	acetábulo
acetic	acético
acetic acid	ácido acético
acetone	acetona
acetonemia	acetonemia
acetonic	acetônico
acetonuria	acetonúria
acetylacetic acid	ácido acetilacético
acetylcholine	acetilcolina
acetylsalicylic	acetilsalicílico
acetylsalicylic acid	ácido acetilsalicílico
achalasia	acalasia
achlorhydria	acloridria
acholia	acolia
achondroplasia	acondroplasia
acid	ácido
acid resistance	acidorresistência
acid resistant	acidorresistente
acidified	acidificado
acidify	acidificar
acidifying	acidificante
acidity	acidez
acidoketosis	acidocetose
acidophilus	acidófilo
acidosis	acidose
aciduria	acidúria
acinesia, akinesia	acinesia
aciniform	aciniforme
acinous	acinoso
acloridria	anacloridria
acne	acne
acneiform	acneiforme
acoustic	acústico
acquired	adquirido
acro-	acro-
acroasphyxia	acroasfixia
acrocyanosis	acrocianose
acrogeria	acrogeria
acrokeratosis paraneoplastica	acroqueratose paraneoplásica
acromia	acromia
acromial	acromial
acromio	acrômio
acromioclavicular	acromioclavicular
acropathy	acropatia
acrylic acid	ácido acrílico
actinic	actínico
actinic keratosis	queratose actínica
actinitis	actinite
Actinomyces israelii	Actinomyces israelii
actinotherapy	actinoterapia
acuity	acuidade
acumetry	acumetria
acupuncture	acupunctura
acute	agudo
acute rheumatic arthritis	reumatismo articular agudo
acycloguanosine	acicloguanosina
Acyclovir	Aciclovir
adamantine	adamantino
Adams-Stokes syndrome	síndrome de Adams-Stokes
Addisonian	adissoniano
adduction	adução
adductor	adutor
adenectomy	adenectomia
adenine	adenina
adenitis	adenite
adenoamigdalectomy	adenoamigdalectomia
adenocarcinoma	adenocancro
adenocarcinoma	adenocarcinoma
adenofibroma	adenofibroma
adenogram	adenograma
adenohypophysis	adeno-hipófise
adenoid gland	adenóide
adenoidectomy	adenoidectomia
adenoiditis	adenoidite
adenoma	adenoma
adenomatosis	adenomatose
adenomatous	adenomatoso
adenomectomy	adenomectomia
adenomyoma	adenomioma
adenomyosis	adenomiose
adenosarcoma	adenossarcoma
adenosine	adenoprivo
adenosine	adenosina
adenosine triphosphate (ATP)	adenosino-trifosfato
adenovirus	adenovírus
adhesive	adesivo
adiadochokinesia	adiadococinesia
adipocycellular	adipocelular
adipomastia	adipomastia
adipose	adiposo
adiposity	adiposidade
adiuretin	adiuretina
adjacent	adjacente
adjuvant	adjuvante
adolescence	adolescência
adren-	adren-
adrenaline	adrenalina
adrenergic	adrenérgico
adrenocorticotropic	adrenocorticotrópico
adrenocorticotropic hormone (ACTH)	ACTH
adrenolytic	adrenolítico
adrenoprival	adrenoprivo
adsorbent	adsorvente
adsorption	adsorção
adventitia	adventícia
adynamia	adinamia
afebrile	afebril
affection	afecção
affection	afeto
affective	afetivo
affective delay	atraso afetivo
affectivity	afetividade
afferent	aferente
afforestation	arborização
agammaglobulinemia	agamaglobulinemia
agammaglobulinemia	agammaglobulinemia
agar-agar	ágar-ágar
agenesis	agenesia
ageusia	ageusia
agglutinate	aglutinar
agglutination	aglutinação
agglutinin	aglutinina
agglutinogen	aglutinogêneo
aggravation	agravamento
aggregate	agregado
aggressiveness	agressividade
agitation	agitação
agnosia	agnosia
agonist	agonista
agony	agonia
agoraphobia	agorafobia
agranulocytosis	agranulocitose
agraphia	agrafia
agretope	agrétopo
akaryocyte	acariota
akaryote	acariota
akinesia	aquinesia
alalia	alalia
alanine aminotransferase	alanina aminotransferase
Albee's bone graft	albee
albinism	albinismo
albino	albino
Albright	Albright
albuginea	albugínea
albugo	albugo
albumin	albumina
albuminemia	albuminemia
albuminorraquiaquia	albuminorraquia
albuminous	albuminoso
albuminuria	albuminúria
albumose	albumose
albumosuria	albumosúria
alcaptonuria	alcaptonúria
alcohol	álcool
alcoholate	alcoolato
alcoholic	alcoólico, alcoolizado
alcoholic acidosis	acidose alcoólica
alcoholism	alcoolismo
alcootest	alcootest
aldolase	aldolase
aldolasemia	aldolasemia
aldosterone	aldosterona
alesthesia	aloestesia
aleucemic	aleucêmico
alexia	alexia
alexia-agraphia	alexia-agrafia
alexithymia	alexitimia
algia	algia
algid	álgido
algodystrophy	algodistrofia
algogenic	algogênico
algoparalisia	algoparalisia
alienated	alienado
alienist	alienista
alimentary bolus	bolo alimentar
alkali	álcali
alkaline	alcalino
alkalinity	alcalinidade
alkaloid	alcalóide
alkalosis	alcalose
allantoidea	alantoideia
allele	alelo
allergen	alérgeno
allergic	alérgico
allergist	alergologista
allergy	alergia
allergy	alergologia
Allescheria boydii	Allescheria boydii
allodynia	alodinia
allograft	alotransplante
alloimmunization	aloimunização
allopathy	alopatia
allotype	alotipia
alokinesia	alocinesia
alopecia	alopecia
alotropic	alotrópico
alotype	alótipo
alpha	alfa
alpha-globulins	alfa-globulinas
alpha-LP	alfa-LP
altitude anoxia	anoxia da altitude
aluminum	alumínio
alveolar	alveolar
alveolitis	alveolite
alveolocapillary block	bloqueio alveolocapilar
alveolodentary	alveolodentário
alveolysis	alveólise
amalgam	amálgama
amaurosis	amaurose
ambidextrous	ambidextro
ambivalence	ambivalência
amblyopia	ambliopia
ambulance	ambulância
ambulating	ambulante
ambulatory	ambulatório
amebiasis	amebíase
amelia	amelia
ameloblast	ameloblasto
ameloblastoma	ameloblastoma
amenorrhea	amenorreia
ametropia	ametropia
amicrobial	amicrobiano
amine	amina
amino acid	aminoácido
aminoacetic acid	ácido aminoacético
aminoacidemia	aminoacidemia
aminoaciduria	aminoacidúria
aminoglycosides	aminoglicosídeos
amiotonia	amiotonia
amitose	amitose
ammonia	amônia
ammonia	amoníaco
ammoniacal	amoniacal
ammoniemia	amoniemia
amnesia	amnésia
amnesic	amnésico
amniocentesis	amniocentese
amnioscopy	amnioscopia
amniotic	amniótico
amniotic sac	bolsa amniótica
amniotic sac	bolsa das águas, bolsa amniótica
amoeba	ameba
amoebic	amebiano
amoeboid	amebóide
amorphous	amorfo
amperage	amperagem
ampere	ampere
amphetamine	anfetamina
amphiarthrosis	anfiartrose
amphibian	anfíbio
amphoric	anfórico
ampicillin	ampicilina
ampoule	ampola
ampular	ampular
amputation	amputação
amputation in contiguity	amputação na contiguidade
amygdala	amígdala
amylase	amílase
amylasemia	amilasemia
amylasuria	amilasúria
amyloid	amilóide
amyloidosis	amiloidose
amyotrophy	amiotrofia
anabolic	anabólico
anabolic	anabolizante
anabolism	anabolismo
anaclisis	anaclise
anacrotic	anacrótico
anacusia	anacusia
anaerobic	anaeróbio
anal	anal
analeptic	analéptico
analgesia	analgesia
analgesic, painkiller	analgésico
analogy	analogia
analysis	análise
analyst	analista
analytical	analítico
anamnesis	anamnese
anaphase	anafase
anaphylactic	anafilático
anaphylactogenic	anafilatizante
anaphylaxis	anafilaxia
anaplasia	anaplasia
anasarca	anasarca
anastomosis	anastomose
anatomical	anatômico
anatomopathologist	anatomopatologista
anatomopathology	anatomopatologia
anatomy	anatomia
anatoxin	anatoxina
anconeous	ancôneo
androgen	androgênio
androgynous	andrógino
androgyny	androginia
android	andróide
andropause	andropausa
androsterone	androsterona
anechogenic	anecogênico
anemia	anemia
anemia of miners	anemia dos mineiros
anemic	anêmico
anergy	anergia
anesthesia-resuscitation	anestesia-reanimação
anesthesia-surgical resuscitation	anestesia-reanimação cirúrgica
anesthesiologist	anestesiologista
anesthesiology-surgical resuscitation	anestesiologia-reanimação cirúrgica
anesthetic	anestésico
anesthetist	anestesista
aneurin	aneurina
aneurismorrhaphy	aneurismorrafia
aneurysm	aneurisma
aneurysmal	aneurismal
aneurysmplasty	aneurismoplastia
anfractuosity	anfractuosidade
angeite	angeíte
angiectasia	angiectasia
angina	angina
anginous	anginoso
angiocardiography	angiocardiografia
angiocardiopathy	angiocardiopatia
angiocolecistite	angiocolecistite
angiocolegraphy	angiocolegrafia
angiocolitis	angiocolite
angiodysplasia	angiodisplasia
angiogram	angiocardiograma
angiography	angiografia
angiokeratoma	angioqueratoma
angiology	angiologia
angioma	angioma
angiomatosis	angiomatose
angiomatous	angiomatoso
angiomyoma	angiomioma
angionecrosis	angionecrose
angiopathy	angiopatia
angioplasty	angioplastia
angiospasm	angiospasmo
angiospastic	angiospástico
angiostenose	angiostenose
angiostronguilose	angiostronguilose
angiostrongylus cantonensis	angiostrongylus cantonensis
angiotensin	angiotensina
angiotensin converting enzyme (ACE)	ACE
angiotonin	angiotonina
angor	angor
angor pectoris	angor pectoris
angstrom	angström
anguillulose	anguilulose
anguish	angústia
anhidrosis	anidrose
anhydride	anidrido
anhydrotic	anidrótico
anhydrous	anidro
anicteric	anictérico
aniline	anilina
anilism	anilismo
anion	anião
anisachiasis	anisaquíase
anisakis marina	anisakis marina
anise	anisto
anism	anismo
anisochromia	anisocromia
anisocoria	anisocoria
anisocytosis	anisocitose
anisophigmia	anisosfigmia
anite	anite
ankylosis	ancilose
ankylosis	anquilose
annexectomy	anexectomia
annulocyte	anulócito
anodic	anódico
anomaly	anomalia
anopheles	anófele
anopsia	anopsia
anorchidism	anorquídia
anorectal	anorrectal
anorexia	anorexia
anorexia nervosa	anorexia nervosa
anorexic	anoréxico (PT-Br), anoréctico (PT-Pt)
anorexigenic	anorexigênio
anosmia	anosmia
anosognosia	anosognosia
anovulation	anovulação
anovulatory	anovulatório
anoxemia	anoxemia
anoxia	anoxia
antacid	antiácido
antagonism	antagonismo
antagonist	antagonista
antalgic	antálgico
ante mortem	ante mortem
ante partum	ante partum
ante-pituitary	ante-hipofisário, ante-hipófise
antebrachial	antebraquial
antedeviation	antedesvio
anteflexion	anteflexão
anteflexion of the uterus	anteflexão do útero
antegrade amnesia	amnésia anterógrada
anteposition	anteposição
anteposition of the uterus	anteposição do útero
anterior and posterior sacral foramina	buracos sagrados anteriores e posteriores
anterior lacerate foramen	buraco lácero anterior
anterior pituitary	adeno-hipófise
anterograde	anterógrado
anteropulsion	anteropulsão
anteversion	anteversão
anteversion of the uterus	anteversão do útero
anthelix	antélice
anthelmintic	antelmíntico
anthracoid	antracóide
anthracosis	antracose
anthrax	antraz
anthropoid	antropóide
anthropology	antropologia
anthropometry	antropometria
anthropomorphic	antropomorfo
anthropophagy	antropofagia
anti-infective	anti-infeccioso
anti-inflammatory	anti-inflamatório
anti-poliomyelitis	antipoliomielítico
anti-sweat	antissudorífico
anti-syphilitic	antissifilítico
anti-tetanus	antitetânico
anti-thyroid	antitiroideu
anti-yellow	antiamarílico
antianemic	antianêmico
antibiogram	antibiograma
antibiotic therapy	antibioterapia
antibody	anticorpo
anticancer	anticanceroso
anticholera	anticolérico
anticholinergic	anticolinérgico
anticoagulant	anticoagulante
antidepressant	antidepressor, antidepressivo
antidiabetic	antidiabético
antidiurethin	antidiuretina
antidiuretic	antidiurético
antidote	antídoto
antiemetic	antiemético
antifungal	antifúngico
antigen Australia	antigênio Austrália
antigenic	antigênico
antigenicity	antigenicidade
antiglobulin	antiglobulina
antihelmintic	anti-helmíntico
antihistamine	anti-histamínico
antimalarial	antipalúdico
antimetabolite	antimetabolito
antimitotic	antimitótico
antimycotic	antimicótico
antineoplastic	antineoplásico
antinuclear antibodies	anticorpos antinucleares
antioxidant	antioxidante
antiparkinsonian	antiparkinsônico
antiperistalism	antiperistaltismo
antipernicious	antipernicioso
antiphlogistic	antiflogístico
antiplasmin	antiplasmina
antipsychotic	antipsicótico
antipyretic	antipirético
antipyretic	apirético
antipyrimid	antipirimídico
antirabies	antirrábico
antiretroviral	antirretrovírico
antirheumatic	antirreumático
antisepsis	antissepsia
antiseptic	antisséptico
antiserum	antissoro
antispasmodic	antiespasmódico
antistreptokinase	antiestreptoquinase
antistreptolysin	antiestreptolisina
antistreptolysin O (ASO)	antiestreptolisina O (ASLO)
antisyphilitic	antiluético
antithrombin	antitrombina
antitoxic	antitóxico
antitoxin	antitoxina
antitrag	antitrago
antitrypsin	antitripsina
antituberculosis	antituberculoso
antitussive	antitússico, antitosse
antivenomous	antivenenoso
antiviral	antiviral
antivitamin	antivitamina
antivomitive	antivomitivo
antixenic	antixênico
antrectomy	antrectomia
antroaticotomy	antroaticotomia
antroduodenectomy	antroduodenectomia
antromastoiditis	antromastoidite
antropossociology	antropossociologia
antropyloric	antropilórico
antrostomy	antrostomia
antrotimpanic	antrotimpânico
anucleated	anucleado
anuria	anúria
anuric	anúrico
anxiety	ansiedade
anxiolytic	ansiolítico
anxious	ansioso
aorta	aorta
aortic arch	arco aórtico
aortic bulb	bulbo aórtico
aortic knob	botão aórtico
aortic tightness	aperto aórtico
aortography	aortografia
aortomyelography	aortomielografia
aortotomy	aortotomia
apareunia	apareunia
apathetic	apático
apathy	apatia
aperistalsis	aperistaltismo
apert-gallais	apert-gallais
apex	ápex
apexian	apexiano
apgar	apgar
aphonia	afonia
aphrodisiac	afrodisíaco
apical	apical
apical abscess	abcesso apical
aplasia	aplasia
aplastic anemia	anemia aplástica
apnea	apneia
apocrine	apócrina
apodia	apodia
apogee	apogeu
aponeurosis	aponevrose
aponeurositis	aponevrosite
aponevrectomy	aponevrectomia
apophysis	apófise
apophysitis	apofisite
apoplectic	apopléctico (PT-Pt), apoplético (PT-Br)
apoplexy	apoplexia
apoptosis	apoptose
appendectomy	apendicectomia
appendicitis	apendicite
appendicular	apendicular
appendix	apêndice
appetite	apetite, apetência
appliance	aparelho
apposition, joining	aposição
apprehension	apreensão
apractognosia	apractognosia
apragmatism	apragmatismo
apraxia	apraxia
apraxic	apráxico
aprosexia	aprosexia
aptyalism	aptialia
apyrexy	apirexia
aqueduct	aqueduto
aqueous	aquoso
arachnid	aracniano
arachnodactyly	aracnodactilia
arachnoid	aracnoideia
arachnoiditis	aracnoidite
aralveolar current	aralveolarcorrente
arborescent	arborescente
arborization block	bloqueio de arborização
arborization block	bloqueio de arborização
arbovirosis	arbovirose
arbovirus	arbovírus
arc	arc
arcade	arcada
archetype	arquétipo
arciform	arciforme
arcus senilis	arco senil
arenavirus	arenavírus
areola	aréola do seio
areolar	areolar
arginase	arginase
arginine	arginina
argininemia, arginase defficiency	argininemia
argininuria	argininúria
Argyll Robertson	Argyll Robertson
argyria	argíria
argyric	argírico
argyrism	argirismo
armpit	axila
Arneth	Arneth
Arnold-Chiari	Arnold-Chiari
aromatic	aromático
arreflexia	arreflexia
arregenerative	arregenerativo
arrhythmia	arritmia
arrhythmogenic	arritmogênico
arriboflavinose	arriboflavinose
arsenic	arsenicado
arsenic	arsenicado, arsênio
arsenical	arsenical
arsenicism	arsenicismo
arterial	arterial
arteriectasia	arteriectasia
arteriectomy	arteriectomia
arteriography	arteriografia
arteriola	arteríola
arteriolite	arteriólito
arteriopathy	arteriopatia
arteriosclerosis	arteriosclerose
arteriosclerotic	arteriosclerótico
arteriospasm	arteriospasmo
arteriotomy	arteriotomia
arteritis	arterite
arteritis obliterans	arterite obliterante
artery	artéria
arthralgia	artralgia
arthritic	artrítico
arthritis	artrite
arthritism	artritismo
arthrocentesis	artrocentese
arthroclisis	artróclise
arthrodesis	artrodese
arthrography	artrografia
arthrology	artrologia
arthropathy	artropatia
arthrophyte	artrófito
arthroplasty	artroplasia
arthropneumography	artropneumografia
arthropods	artrópodes
arthroscope	artroscópio
arthroscopy	artroscopia
arthrotomy	artrotomia
articular apophysis	apófise articular
articulated	articulado
articulation	articulação
artifact	artefacto
arytenoid	aritenóide
asbestosis	asbestose
ascaridiasis	ascaridíase
ascaris	áscaris
aschoff-tawara	aschoff-tawara
ascorbic acid	ácido ascórbico
asepsis	assepsia
aseptic	asséptico
asexual	assexuado
aspartate aminotransferase	aspartato aminotransferase
aspergilloma	aspergiloma
aspergillus	aspergillus
aspermatism	aspermatismo
aspirin	aspirina
assimilable	assimilável
assimilation	assimilação
associal	associal
astasia	astasia
astereognosia	astereognosia
asterixis	asterixis
asthenia	astenia
asthmatic	asmático
astigmata	astigmata
astragalectomy	astragalectomia
astragalo-calcaneo	astragalocalcâneo
astragaloescafoideu	astragaloescafoideu
astragalonavicular	astragalonavicular
astragalus	astrágalo
astrocyte	astrócito
astrocytoma	astrocitoma
astroglia	astróglia
astrovirus	astrovírus
asymmetry	assimetria
asymptomatic	assintomático
asynergy	assinergia
asystolia	assistolia
atactic	atáctico (PT-Pt), atático (PT-Br)
ataraxic, ataractic	ataráxico
ataraxy, ataraxia	ataraxia
atavism	atavismo
ataxia	ataxia
atelectasis	atelectasia
atherogenic	aterogénico
atheroma	ateroma
atheromatosis	ateromatose
atherosclerosis	aterosclerose
athetoid	atetóide
athetosis	atetose
athrepsia	atrepsia
athyroidism	atiroidia
aticoantrotomy	aticoantrotomia
aticotomy	aticotomia
atlas	atlas
atmosphere	atmosfera
atom	átomo
atomiser	atomizador
atonic	atônico
atony	atonia
atopy	atopia
atresia	atresia
atrichia	atriquia
atriogram	atriograma
atriotomy	atriotomia
atrioventricular	atrioventricular
atrioventricular	auriculoventricular
atrioventricular block	bloqueio auriculoventricular
atrophy	atrofia
atropine	atropina
atropinism	atropinismo
atropinization	atropinização
attack	ataque
attic, epytimpanic recess	atico
atticitis, epitympanitis	aticite, epitimpanite
attrition	atrição
atypical	atípico
audibility	audibilidade
audimutism	audimudez
audiogram	audiograma
audiology	audiologia
audiometry	audiometria
audiovisual	audiovisual
auditory	auditivo
auditory aphasia, word deafness	audimudez de compreensão
aura	aura
auric	áurico
auricle	aurícula
auricular appendix, auricular appendage	apêndice auricular
auriculogram	auriculograma
auriculotomy	auriculotomia
aurification	aurificação
aurotherapy	auroterapia
auscultation	auscultação
autism	autismo
autistic	autista
autoantibody	autoanticorpo
autoantigen	autoantigênio
autochthonous	autóctone
autoclave	autoclave
autogenous	autogênio
autograft	autoenxerto
autoimmune hemolytic anemia	anemia hemolítica auto-imune
autoimmunity	autoimunidade
autoinfection	autoinfecção
autointoxication	autointoxicação
autologous	autólogo
autologous antibody	anticorpo autólogo
autologous antigen	antigênio autólogo
autolysis	autólise
automation	automatização
automatism	automatismo
autonomous	autônomo
autonomy	autonomia
autoplasty	autoplastia
autopsy	autópsia
autosoma	autossoma
autosomal	autossoma
autosuggestion	autossugestão
autotoxemia	autotoxemia
autotoxin	autotoxina
autotransfusion	autotransfusão
autotransplantation	autotransplantação
autotransplantation	autotransplante
autovacation	autovaccination
autovaccine	autovacina
AV block	bloqueio AV
aversion	aversão
avian (e.g., avian influenza)	aviário (e.g., febre aviária)
avirulent	avirulento
avitaminosis	avitaminose
avulsion	avulsão
axenic	axênico
axerophthol	axeroftol
axial	axial
axillary	axilar
axis	áxis
axon	axônio
axoplasm	axoplasma
azoospermia	azoospermia
azotemia	azotemia
azoturia	azotúria
b.i.d. / bis in die / twice a day	BID / duas vezes ao dia
B1 avitaminosis	avitaminose B1
Babcock's operation	operação de Babcock
Babinskis reflex, Babinskis sign	sinal de Babinski
Babinsky-Nageotte syndrome	síndrome de Babinski-Nageotte
bacillary	bacilar
bacilliform	baciliforme
bacillus	bacilo
bacillus anthracis	bacillus anthracis
bacillus pertussis	bacillus pertussis
bacteremia	bacteriemia
bacteria	bactérias
bacterial	bacterídio
bactericide	bactericida
bacteriform	bacteriforme
bacteriology	bacteriologia
bacteriolysin	bacteriolisina
bacteriolysis	bacteriólise
bacteriolytic	bacteriolítico
bacteriophage	bacteriófago
bacteriotoxin	bacteriotoxina
bacteriotropic	bacteriotrópico
bacterium	bactéria
bacteriuria	bacteriúria
bacteroids	bacteróides
bagasse disease	bagaçose
Bakers cyst	cisto / quisto de Baker
balance	aprumo
balanic	balânico
balanitis	balanite
balanoposthitis	balanopostite
balanopreputial	balanoprepucial
balistocardiography	balistocardiografia
balm	balânico
balneotherapy	balneoterapia
balsamic	balsâmico
banded, ribboned	afitado
Bang's disease	doença de Bang
barber	barberio
barbiturate	barbitúrico
barbituration	barbiturismo
barbituric acid	ácido barbitúrico
barite	barita
Barlow's disease	doença de Barlow
baroceptor	baroceptor
barotraumatism	barotraumatismo
Barr body	corpúsculo de Barr
Bartholin gland cyst and abscess	abcesso e cisto da glândula de Bartholin
Bartholin's cyst	bartolinite, bartholinite
bartonella bacilliformis	bartonella bacilliformis
bartonellosis	bartonelose
basal	basal
basal cell	basocelular
basalioma, basal cell carcinoma	basalioma, carcinoma basocelular
Basedow, Graves-Basedow, Graves disease	doença de Graves
basedowian	basedowiano
basicranian	basicraniano
basilar	basilar
basilar apophysis	apófise basilar
basilica	basílica
basin	bacinete
basophil	basófilo
basophilia	basofilia
Bassinis operation	operação ou procedimento de Bassini
Bazex syndrome	síndrome de Bazex
Bársonys incidence	incidência de Bársony
BCG vaccine	vacina de Bacilo Calmette-Guérin (BCG)
beak-shaped osteophyte	bico-de-papagaio
beat	batimento
bechic, antitussive	béquico, antitússico
Bechterew's disease, ankylosing spondylitis	doença de Bechterew, espondilartrite anquilosante
Beck-Doléris operation	operação de Beck-Doléris
bedding, lying in bed	acamação, acamamento
Beers law	lei de Beer-Lambert
beet sugar	açúcar de beterraba
behaviorism, behaviourism	behaviorismo, behaviourismo
Behçets syndrome	doença de Behçet
Bence Jones protein	proteína de Bence Jones
benign tumor	tumor benigno
benignity	benignidade
beniqué	beniquê
Bennetts fracture	fratura de Bennett
benzene	benzeno
benzidine	benzidina
benzoholism	benzolismo
benzoic acid	ácido benzóico
Bergers disease	doença de Berger
beriberi	beribéri
berylliosis	beriliose
Besnier-Boeck disease, sarcoidosis	doença de Besnier-Boeck-Schaumann, sarcoidose
bestiality	bestialidade
beta	beta
beta blocker	betabloqueador, bloqueador beta-adrenérgico
beta blocker	bloqueador beta
beta-globulins	beta-globulinas
beta-hydroxybutyric acid	ácido beta-hidroxibutírico
beta-lipoproteins	beta-lipoproteínas
betatherapy	betaterapia
betatron	betatrão
bicameral	bicameral
bicarbonate	bicarbonato
biceps, biceps brachii	bíceps, bicípite, bíceps brachii, bicípite braquial
bicipital	bicipital
biconcave	bicôncavo
biconvex	biconvexo
bicornuate	bicórneo
bicuspid	bicúspide, bicúspido
biermerian	biermeriano
bifidus	bífido
bifocal	bifocal
bigeminal	bigeminado
bigeminism	bigeminismo
bilateral	bilateral
bile	bílis
bile acid	ácido biliar
bilharzia, bilharziasis	bilharziose
bilharzial, bilharzic, schistosomic	bilhárzico, esquitossômico
biliary	biliar
biligraphy	biligrafia
bilious	bilioso
bilirrubinadirect	bilirrubina direta
bilirubin	bilirrubina
bilirubinemia	bilirrubinemia
bilirubinic	bilirrubínico
bilirubinuria	bilirrubinúria
biliuria	biliúria
biliverdine	biliverdina
Billroths operation	operação de Billroth
bilobed	bilobado
bilocular	bilocular
bimalleolar	bimaleolar
bimanual	bimanual
binary	binário
binaural	biauricular
binocular	binocular
binuclear	binuclear
bioavailability	biodisponibilidade
biochemistry	bioquímica
bioclimate	bioclima
biodegradable	biodegradável
bioelement	bioelemento
bioenergy	bioenergia
bioequivalence	bioequivalência
bioethics	bioética
biofeedback	biofeedback
biogenesis	biogênese
biogenetic	biogenético
biological analysis	análise biológica
biological chemistry	química biológica
biology	biologia
biopsy	biopsia
biosynthesis	biossíntese
biotherapy	bioterapia
biotype	biótipo, biotipo
biovular	biovular
biovular, dizygotic	bivitelino
biparous	bíparo
bipartite	bipartido
biped	bípede
bipolar	bipolar
birth control	controle de natalidade
bisexuality	bissexualidade
bismuth	bismuto
bissinosis	bissinose
biuret	biureto
bivalence	bivalência
bivalent	bivalente
bladder	bexiga
Blalock-Taussigs operation	operação de Blalock-Taussig
blastocele	blastocele
blastocyst	blastocisto
blastoderma	blastoderma
blastogenesis	blastogênese
blastoma	blastoma
blastomer	blastômero
blastomyces	blastomyces
blastomycete	blastomicete, blastomiceto
blastomycosis	blastomicose
blastula	blástula
blebs	blebs
blefarotic	blefarótico
blenorrhea	blenorreia
blepharitis	blefarite
blepharochalasis	blefarocalase
blepharoconjunctivitis	blefaroconjuntivite
blepharophimosis	blefarofimose
blepharospasm	blefarospasmo
blepharotomy	blefarotomia
blister	bolha
Bloch-Sulzberger syndrome	síndrome de Bloch-Sulzberger
block	bloqueio
blockage of the renal arteries	bloqueio renal
blockpnea	blocpneia
blood alcohol	alcoolemia
blood-flukes, schistosoma	bilharzia (arcaico), esquitossoma
blue rubberbleb nevus	síndrome de Bean
bluster	blasto
bodansky	bodansky
Boeck's disease	doença de Boeck
bolus	bolus
borax	bórax
borborygm	borborigmo
Bordet-Gengou bacillus (or coccobacillus)	cocobacilo de Bordet-Gengou
Bordet-Wassermann reaction	reação de Bordet-Wassermann
bordetella pertussis	bordetella pertussis
boric	bórico
boric acid	ácido bórico
borism	borismo
borrelia	borrelia
borrelia burgdorferi	borrelia burgdorferi
borreliosis	borreliose
Bosworths operation	operação de Bosworth
botany	botânica
botrycephalose	botriocefalose
botryocephalus	botriocéfalo
botryoid	botrióide
botryomycosis	botriomicose
botryomyoma	botriomicoma
botulism	botulismo
Bouillaud's disease	doença de Bouillaud
Bourneville's disease	doença de Bourneville
bovarism	bovarismo
bovine	bovino
bovine spongiform encephalopathy (BSE), mad cow disease	encefalopatia espongiforme bovina (BSE), doença da vaca louca
bow	arco
Bowens disease	doença de Bowen
Bowmans capsule	cápsula de Bowman
Boydens test meal	refeição de Boyden
brachial	braquial
brachialgia	braquialgia
brachiocephalic	braquiocefálico
brachybasia	braquibasia
brachycephaly	braquicefalia
brachycolon	braquicólon
brachydactyly	braquidactilia
brachyesophagus	braquiesôfago
brachymelia	braquimelia
brachymorph	braquimorfo
brachypnea	braquipneia
bradyarrhythmia	bradiarritmia
bradycardia	bradicardia
bradykinesia	bradicinesia
bradypepsia	bradipepsia
bradyphasia	bradifasia
bradyphemia	bradifemia
bradyphrenia	bradifrenia
bradypnea	bradipneia
bradypsychia	bradipsiquia
bradyrhythmia	bradirritmia
braille	braille
brain softening	amolecimento cerebral
breast self-examination (BSE)	autoexame dos peitos
breastfeeding	aleitamento, amamentação
bregma	bregma
brevilineal	brevilíneo
bricomania	bricomania
bridle	brida
broad spectrum antibiotic	antibiótico de largo espectro
bromatology	bromatologia
bromide	brometo
bromides	bromides
bromine	bromo
bromosulfonephthalein	bromossulfonaftaleína
bromosulfophthalein (BSF)	bromossulfanaftaleína (BSF)
bronchial	brônquico
bronchial arteriography	arteriografia brônquica
bronchial tree	árvore brônquica
bronchiectasis	bronquiectasia
bronchiole	bronquíolo
bronchiolitis	bronquiolite
bronchitic	bronquítico
bronchitis	bronquite
broncho-spirometry	broncoespirometria
bronchoaspiration	broncoaspiração
bronchoconstriction	broncoconstrição
bronchodilation	broncodilatação
bronchofibroscopy	broncofibroscopia
bronchography	broncografia
bronchopathy	broncopatia
bronchopneumonia	broncopneumonia
bronchopulmonary	broncopulmonar
bronchoscope	broncoscópio
bronchoscopy	broncoscopia
bronchospasm	broncospasmo
bronchostenosis	broncostenose
bronchotomy	broncotomia
bronchus	brônquio
Brown-Séquards syndrome	síndrome de Brown-Séquard
brucella	brucella
brucella abortus	brucella abortus
brucella melitensis	brucella melitensis
Brudzinski's sign	sinal de Brudzinski
bruxomania	bruxomania
bubbling	borbulhoso
bubo	bubão
buccinator	bucinador
buccodental	bucodentário
buccogingival	bucogengival
buccolabial	bucolabial
buccolingual	bucolingual
Chest Stand receptor holder (PT-PT de preferência)	suporte ou apoio do receptor do aparelho radiológico torácico
examination of a bird's entrails	observação das vísceras de uma ave
background density	densidade de base
Burchardt Syndrome	síndrome de Burchardt
coronary artery bypass grafts	Enxertos/bypasses na artéria coronária
Director of Medical Affairs	Director Clínico / Director dos Assuntos Clínicos/Médicos
gandolinum-enhancing lesions	lesões potenciadas/intensificadas por gadolínio
HIV-infected medical patients	doentes seropositivos
It is of a fixed gravity head type	(ventilador) de cabeça gravitacional fixa
lipoxygenase pathway	via da lipoxigenase
Privacy Notice	declaração de privacidade
relaxing lens colours	lentes coloridas em tons relaxantes
repositol drug	fármaco de acção retardada (absorção lenta)
Stroke Muscle Re-education	reabilitação muscular
toilet training	treino do bacio
Mental Health (MH)	Saúde Mental (SM)
Observatory of Human Resources	Observatório de Recursos Humanos
Summary of product characteristics (SPC)	Resumo das Características do Medicamento (RCM)
contused puncture (wound or trauma )	perfuro-contudente
polyethylene glycol	polietilenoglicol
moderately enlarged cardiac silhouette/shadow	AC [upward arrow] + 2/4
analytical variation(s) in the indicator(s) of renal/kidney function	alteração analítica da função renal
centrally/periphally acting antiadrenergics/sympatholytics	Antiadrenérgicos de acção central/periférica
single S2	B2 única
FB: 666 ml - fluid balance 666 ml	BH: 666 ml > balanço hídrico 666 ml
glycemic / glycaemic test (capillary glycemic / glycaemic test) [Blood measurement test]	BMT
small airways disease, bronchiolar disease	bronquilopatia
S.C. (Surgical Centre)	C.C.
ICD	C/D > CID
C3 and C4 complement levels	C3 110   C4 20
col = eye drops/ophthalmic solution, Fr = bottle/vial	Carteolol xx mg/ml Col, sol Fr 5ml
central/peripheral (here)	centralidade/perifericidade
of normal colour, hydrated, anicteric, acyanotic and breathing normally (corada, hidratada, anictérica, acianótica, afebril e eupneica	CHAAAE
ischaemic heart disease	CI
Diagnostic procedure / schedule/ work-up	Conduta diagnóstica / CD
views	Coxa 2 inc.
tumour cells / tumor cells	CTU
withdrawal date	data de retracção
diet on the muscle lipid content	dieta sobre a fração
PPD2 (Purified Protein Derivative 2)	DPP2
bilateral crackles / crepitant rales (were present/heard) up to the apex / apices (of the lungs)	EC bilaterais até ápice
on room air	em AA
clubbing	empastamento
IV/IM	ev/im
vial	FA
Hospital Admission and Discharge Sheet number:	FAA no:
fractional area change	FAC
The package/pack was opened	Foi aberto pacote
full [or complete] blood count, blood chemistry, and cardiac markers	H + BQ com MNM
h(a)emoptysis (diagnosis pending)	Hemoptise A/E
hemácias > red blood cells / erythrocytes	HM
leaflets	lacínias
(the) splitting up of medicines	o fracionamento de medicamentos
omeprazole 20 mg gastro-resistant capsules	omeprazol 20 mg caps GR
inverted OR flattened T wave/scooped ST segment	onda T em colher de pedreiro
at the [AluI] cleavage site	para o sitio de clivagem
CRP measurement	PCR doseada
loss of services	perda de serviços
perfused/to perfuse	perfundido/perfundir
Ex-factory price	Preço de Venda ao Armazenista (P.V.A.)
(Hospital) Admission number/no.:	R.I. no:
right costal margin	RDC
dietary re-education	reeducação alimentar
person responsible	responsável
right femoral fracture implant with dynamic hip screw	RFFI com sistema DHS
B.S.A.	S.C.
accepted SAE	SAE permitido
appropriate departments	serviços idóneos
sicca syndrome (feature of Sjögren's syndrome)	sindrome sicca
saline solution currently being administered in peripheral vein	soro em curso em veia periférica
Capillary Refill Time 3 seconds	TEC 3 s
glutamic pyruvic and oxalacetic transaminase	transaminase glutamico piruvica e oxalacetica
glutamic pyruvic and oxalacetic transaminase	transaminase glutamico piruvica e oxalacetica
unit	UND
validated	viabilizou [o papel normatizador]
organic imbalance or a (more) serious illness/disease	deficiencia organica ou doenca serie
diagnostic yield in relation to lesion development/progression	desempenho histológico da evolução da lesão
pediatric care provider	provedor de serviços pediátricos
(African Horse) Plague	peste
clinical profile	quadro clínico
sustained/continued	sustentada
recurrent dislocation (luxation)	desavincular fecil ( luxecer fecil )
scelotherapy	terapêutica esclerosante / escleroterapia
swab	coleta de amostra mediante zaragatoa
dental surgeon	cirurgião dentista
expiry/expiration of the referred authorization	-caducidade da referida autorização-
Um Avanço, uma Evolução	a Progressi
Therapeutic Abortion	aborto terapêutico
adjuvant	adjuvante
embolus	ÊMBOLO
Ambulatory Attendance	atendimento ambulatorial
booster	reforço, dose de reforço
Investigators Brochure	brochura do investigador
clumsiness	falta de/défice/perda de coordenação motora ou perturbações/alterações da coordenação motora
colophony lesions	Lesões por colofônio
Cozmo extension installed	extensão cozmo instalada
Cumulative Trauma Disorders	Lesões por Traumas Cumulativos
Dampness	Umidade
defibrillator-proof	à prova de desfibrilador
depleted	baixa/depauperadas/depleção
disease flare	episódio ou fase aguda, ataque agudo da doença
Easy-Touch	easy-touch
FDA	FDA (Food and Drug Administration)
fecundity	fecundidade
fungal infections of nail beds	infecções fúngicas ungueais/do leito ungueal/da unha ou onicomicose
hexylcinnamaldehyde	hexilcinamaldeído
Message Queue Applet	Applet de fila de mensagens
Micro environment / microenvironment	micro-entorno
Midstream	tipo midstream
multiple recessive genes	múltiplos genes recessivos
in the dual sense	na dupla acepção,
nominal	nominal
Non-Deviation Agreement	acordo de não divulgação
pursuant to the foregoing legal provision	nos termos da mencionada disposição legal
oxygen wall pressure	Pressão da parede do oxigênio
pacemaker spike	espícula do marcapasso
pap	papa
perinatal	perinatal
shaped	plasmado
proof of delivery/receipt	recido de recepção
mucous plug	Rolhão Mucoso/tampão mucoso/rolha de Schroeder
single-arm study	ensaio de braço único / estudo de braço-único
squeeze	apertar/espremer/pressionar
Statement of data confidentiality claim	declaração de confidencialidade dos dados
Strip Chart Paper	Papel de registro
thickened intestine	intestino espessado
upregulate	regular para cima/regulação ascendente
the Honorable/you	V. Ex.a
Dear/you	V. Ex.a
washout (neste contexto)	suspensão de tratamento (\washout\)
Withdrawal visit	consulta de desistência (para avaliação das razões da desistência)
work-up	testes adicionais
3-lead ECG	ECG de 3 derivações
adult and low volume	adulto e baixo volume (de espaço morto)
allograft/graft	aloenxerto/enxerto
analytes	substâncias a analisar/analitos
anti-LH-antibody-dye-conjugate	conjugado de corante e anticorpo anti-LH
Antibacterial Wound Gel	gel antibacteriano/bactericida para feridas
AT Pase	ATPase
bench testing	testes laboratoriais/realizados em laboratório
bleeding bone bed	raspar/preparar o leito ósseo até sangrar
blood pressure cuff	braçadeira de pressão/tensão arterial
blunt obturator	obturador rombo
Bone Turnover	turnover ósseo/do osso ou renovação óssea
bumps or growths	tumefacções/área tumefactas ou excrescências/tumores/neoplasias
calcein AM based LIVE/DEAD assay	ensaio LIVE/DEAD à base de calceína-AM
can be triggered by	pode ser desencadeado por
central line infection	infecção por cateter (venoso) central
cephalad/caudad	cefálico/caudal
cleaves	faz a clivagem/é responsável pela clivagem
coccygeal venipuncture	punção da veia (venopunção) coccígea
collaboration	cooperação
comminuted fracture of the shaft of the right femur	fractura cominutiva da diáfise do fémur direito
conducted disturbances induced by radio frequency field	perturbações/interferências por condução induzidas por campo de radiofrequência
coupage	tapotagem
cross-hatching	aplicação em linhas perpendiculares/cruzadas
cuvette wash station	estação de lavagem de cuvetes
Dapsone	dapsona
destarched wheat bran	farelo de trigo sem amido
dipstick bottle	frasco de tiras/fitas reagentes
distraction	distração
distraction	distra(c)ção
distraction	distra(c)ção
Double row arthroscopic rotator cuff repair	reparo artroscópico do manguito rotador com dupla linha/fila de fixação
down regulated	regulação descendente (ver nota)
eicosanoid metabolic process	processo metabólico de eicosanóides
EKG Core Lab	laboratório central/de referência de ECG
electroblotted samples	amostras analisadas por electroblotting
EP Left Atrium	eletrofisiologia do átrio esquerdo
Ethylenediamine Dihydriodide	di-hidroiodeto/diidroiodeto de etilenodiamina
evacuated	sob/a vácuo
FICAT Grade	classificação de Ficat/grau atribuído segundo classificação de Ficat
frog lateral and true lateral	abdução com rotação externa da perna (em perna de rã/sapo) e incidência lateral verdadeira
fungal hyphae	hifas de fungos
fungal infections of nail beds	infecções fúngicas ungueais/do leito ungueal/da unha ou onicomicose
gellan gum	goma gelana
genetox	genotoxicidade
Health awareness	consciencialização/sensibilização para/sobre a saúde
Hex Post	pino hexagonal
hold temperature	temperatura de conservação/armazenamento/à qual se encontra o produto
iliac crest	crista ilíaca
illumination bag	bolsa para irradiação
in-circuit	no circuito (dentro do circuito)
lipofuscin	lipofuscina
Mains power quality	qualidade da rede de energia eléctrica
makeup water	água de reposição
mean serum	níveis (/valores) séricos médios
Medical assistants	auxiliares médicos
mended - fused	consolidar (consolidados)
method-specific	específicos/as do método
micelles	micelas
mini-lipidomics	minipartículas lipidômicas
multi-stage cluster sampling	amostragem por conglomerado multifásica/com várias etapas/estágios
multitargeted	(agentes) dirigidos/direcionados para vários alvos ou multialvo
nerve conduction in the heart	condução nervosa no coração
Nissens Fund application	fundoplicatura de Nissen
nitroimidazoles	nitroimidazóis
Non-ortho PCBs	PCB não-orto
oral thrush infections	candidíase oral / infecções orais por fungos do género Candida (espec. Candida albicans)
outer root sheath of the normal hair follicle	bainha radicular externa/bainha externa da raiz de folículos pilosos normais
packets	bolsas
peel-push	peel-push (tipo destacável/pressionável)
Peer reviewed publications	publicações revistas/avaliadas por pares
pentamer to octamer silica tetrahydra	sílica tetraidratada/tetra-hidratada sob a forma de pentâmero a octâmero
Polyvinil chloride	policloreto de vinilo
pubic brim	bordo púbico
q 8h x 3	8 em 8 h/intervalos de 8 h/ a cada 8 h x 3
quantitative reverse transcriptase polymerase chain reaction assay	ensaio(teste) quantativo de transcriptase reversa(inversa)-reação em cadeia da polimerase (RT-PCR)
ratio	proporção/razão/relação
re-pass	voltar a inserir/introduzir ou reintroduzir
reassessment	reavaliação
Retractor Blade Assembly	conjunto de lâmina(s) de afastador
Reversible, trace mitral regurgitation	regurgitação mitral discreta/mínima, reversível
ringer lactate	lactato de Ringer
scrub up	lavar (desinfe(c)tar) as mãos e os braços antes da cirurgia
shadow trays	tabuleiros para suporte/fixação de protectores/material de protecção
single-blind randomized controlled trial	ensaio controlado aleatório/randomizado simples-cego
single-limbed loop	alça de ramo único/com um único ramo
solicited and unsolicited adverse events	eventos adversos solicitados e espontâneos/não solicitados
Spacing	afastamento
Stocking-glove distribution	distribuição em meia(s) ou luva(s)
stress shielding	desiquílibrio das forças/tensões normais exercidas sobre o osso
stress shielding	desequílibrio das forças/tensões normais exercidas sobre o osso
stress shielding	desequilíbrio das forças/tensões normais exercidas sobre o osso
stroke therapy	terapia/terapêutica de acidente cerebrovascular/vascular cerebral (AVC)
surface post-crosslinking	reticulação posterior da superfície
SUSAR	suspeita de rea(c)ções adversas graves e inesperadas/rea(c)ções adversas suspeitas graves e inesperadas
tendon slip	tira/fita de tendão/tendinosa
test nipple	bocal de teste
test strips	tiras/fitas de teste
The retractor allows a single step retraction adjustment in the cephalad/caudad	cefálico/caudal
thiafulvalene	tiofulvaleno
tissue elevator	elevador de tecidos
Tissue Valve Graping Forceps	pinça de preensão da válvula(valva) tissular(de tecido)
TRAP-positive RAW 2 64.7 cells	células RAW 264.7 positivas no ensaio TRAP (TRAP positivas)
tumor nests and tongues	nichos do tumor e línguas
urinary output	débito urinário
weight-average molecular weight	peso molecular ponderal médio
When Data Start Date/Time	data/hora de início da recolha/coleta de dados
whiteout	radiopacidade
wind-up pain phenomenon	fenómeno wind-up (potenciação/potencialização da dor)
withdrawal rates	taxas de suspensão/interrupção (da participação no estudo)
worming medications	desparasitantes (Pt-Pt)/antiparasitários (Pt-Br)
costovertebral and interfacetal joints	ARTICULACOES COSTOVERTEBRAIS E INTERFACETARIAS
paranasal sinuses	cavidades aéreas paranasais
encapsulated mass/encapsulation	Encapsulamento
hypoechoic heterogeneity	heterogeneidade hipoecóica
multiplanar T1-and T2-weighted image slices	Imagens em cortes multiplanares ponderados em TI e T2
mild luminal irregularities/mild irregularities of the vessel diameter	irregularidades discretas de calibre
Roach clasp / bar clasp	roach
slaughtering	abate
Abdominal-thoracic opening	Abertura abdominal-torácica
American Academy of Allergy, Asthma and Immunology (AAAAI)	Academia Americana de Alergia, Asma e Imunologia
acephaly (absence of a head)	acefalia
clinical findings	achados clínicos
Cerebral Vascular Accident (CVA) / Stroke	Acidente Vascular Cerebral (AVC) / Derrame
carcinogenic agent	agente cancerígeno
motor agitation	agitação motora
long-lasting B2-agonist	agonista B2 de longa acção
Allergology	Alergologia
Allergology	Alergologia
Respiratory Allergy	Alergologia Respiratória
mild Alzheimer's disease	Alzheimer leve
amantadine	amantadina
anencephaly	anencefalia
National Health Agency Registration	ANS Registro (Agência Nacional de Saúde)
anti-leukotrienes	anti-leucotrienos
anti-ulcer agents	antiulcerosos
digestive apparatus	aparelho digestivo
armamentarium	armamentário
cardiac arrhythmia	arritmia cardíaca
atopic asthma	asma atópica
bronchial asthma	asma brônquica
exercise-induced asthma	asma de exercício
atopic	atópico
Activities of Daily Living (ADLs)	Atividades de Vida Diária (AVDs)
atopy	atopia
CVA (Cerebral Vascular Accident) / Stroke	AVC (Acidente Vascular Cerebral) / Derrame
narrow therapeutic index (NTI)	índice terapêutico estreito
cutaneous ulcers	úlceras cutâneas
B2 adrenergic receptors	B2 adrenérgicos
placental barrier	barreira placentária
biperiden	biperideno
GLP (Good Laboratory Practices)	BPL (Boas Práticas de Laboratórios)
bradycardia (slow heartbeat)	bradicardia
budesonide	budesonido
Clinical Allergology and Immunology Centre	CAIC - Centro de Alergologia e Imunologia Clínica
thoracic cavity / chest cavity	caixa torácica
crutches	canadianas
ventilatory capacity	capacidade ventilatória
carbamazepine	carbamazepina
carcass	carcaça
cardiocirculatory	cardiocirculatório
ischemic heart disease (IHD)	cardiopatia isquémica
cardio-pulmonologist	cardiopneumologista
microbial load	carga microbiana
boneless meat	carne desossada
Allergy and Clinical Immunology Centre	Centro de Alergologia e Imunologia Clínica
West Lisbon Hospital Centre (CLHO)	Centro Hospitalar de Lisboa Ocidental (CHLO)
CES (Health Ethics Committee)	CES - Comissão de Ética para a Saúde
Cardiothoracic Surgery	Cirurgia Cardiotorácica
post-bariatric surgery	cirurgia pós-bariátrica
videoendoscopic surgery	cirurgia videoendoscópica
cysticercosis	cisticercose
clozapine	clozapina
cholinesterases	colinesterases
Hospital das Clínicas complex (São Paulo University Medical Faculty)	complexo HC (FMUSP)
functional impairment	comprometimento funcional
ILCOR consensus	consenso do ILCOR
coronariopathies	coronariopatias
ventral median cut	corte ventral mediano
inhaled corticosteroids	corticoides inalados
oral corticosteroids	corticoides orais
focal onset seizure	crise de início focal
curing	cura
Poor clinical research	Deficiente cultura de investigação clínica
cosmiatric dermatology	dermatologia cosmiátrica
epileptiform discharges in the electroencephalogram (EEG)	descargas epileptiformes no eletrencefalograma (EEG)
progressive motor incoordination	descoordenação motora progressiva
deboning	desossa
dopaminergic dysregulation	desregulação dopaminérgica
World COPD Day	Dia Mundial DPOC
differential diagnosis	diagnóstico diferencial
diplo-types	diplótipos
Director of Primary Health Care	Direcção dos Cuidados de Saúde Primários
Directorate General for Health	Direcção Geral de Saude
dyskinesia	discinesia
sexual dysfunction	disfunção sexual
dyslipidemias	dislipidemias
dyspnoea	dispnéia
respiratory disturbances	distúrbios respiratórios
Chronic Obstructive Pulmonary Disease (COPD)	Doença Pulmonar Obstrutiva Crónica (DPOC)
baseline ECG	ECG basal
external	ectal
atopic eczema	eczema atópico
pulmonary embolism (PE)	embolia pulmonar
Acute Myocardial Infarction	Enfarte Agudo do Miocárdio
Oncology Nursing	Enfermagem Oncológica
pulmonary emphysema	enfisema pulmonar
entacapone	entacapona
entacapone and tolcapone	entacapona e tolcapona
Composite International Diagnostic Interview (CIDI)	Entrevista Diagnóstica Internacional Composta
eosinophilic	eosinofílico
eosinophilia	eosinofilia
childhood absence epilepsy	epilepsia de ausência da infância
rolandic epilepsy	epilepsia rolândica
epileptology	epileptologia
erythrocytes	eritrócitos
Hamilton Rating Scale for Depression (HRSD)	Escala de Avaliação de Depressão de Hamilton (HDRS)
Young Mania Rating Scale (YMRS)	Escala de Avaliação de Mania para Jovens
Expanded Disability Status Scale (EDSS)	Escala Expandida do Status de Incapacidade
scotopic	escotópico
spirometry	espirometria
cutting	espostejamento
atopic status	estado atópico
evisceration (gutting/disembowelment)	evisceração
gene expression	expressão de genes
São Paulo University Medical Faculty	Faculdade de Medicina da Universidade de São Paulo (FMUSP)
Coimbra Faculty of Medicine	Faculdade de Medicina de Coimbra
Faculty of Medicine of Lisbon	Faculdade de Medicina de Lisboa
Esmarch bandage	Faixa De Smarch
blood meal	farinha de sangue
pharmacotherapy	farmacoterapia
pharmacovigilance	farmacovigilância
phenotypes	fenótipos
atopic phenotypes	fenótipos atópicos
disease phenotypes	fenótipos da doença
asthma phenotypes	fenótipos de asma
phenytoin	fenitoína
phenothiazine	fenotiazina
Musculoskeletal injuries	Ferimentos musculoesqueléticos
ventricular fibrillation	fibrilação ventricular
Exercise Physiology	Fisiologia do Exercício
physiopathology	fisiopatologia
physiopathology	fisiopatologia
Physiopathology	Fisiopatologia
hippocampal formation	formação hipocampal
Continuing Medical Education (CME)	Formação Médica Contínua
temporal fossa	fossa temporal
temporal fossae	fossas temporais
gasometry	gasometria
Gauze	Gaze
white grease	graxa branca
haemoglobin (UK) hemoglobin (US)	hemoglobina
arterial hypertension	hipertensão arterial
Arterial Hypertension	Hipertensão Arterial
pulmonary hypertension (PHT)	hipertensão pulmonar
immuno-allergology	imunoalergologia
Medical Immunology	Imunologia Médica
immunotherapy	imunoterapia
subcutaneous imunotherapy (SCIT)	imunoterapia sub-cutânea
partial onset	início parcial
infecto-contagious	infecto-contagiosas
infectology	infectologia
bronchial inflammation	inflamação brônquica
catechol-O-methyltransferase (COMT) inhibitor	inibidor da catecol-O-metiltransferase (COMT)
dopamine reuptake inhibitor	inibidor de recaptação de dopamina
ante-mortem inspection	inspeção ante-mortem
post-mortem inspection	inspeção post-mortem
Institute of Medical Education	Instituto de Educação Médica
intensive care worker	intensivista
isopters	isópteras
lamotrigine	lamotrigina
precursory lesions	lesões precursoras
seizure threshold	limiar de crises
lichen planus	liquen plano
acute and chronic manifestations	manifestações a aguda e a crônica
masseters	masséteres
slaughtering	matança
congenital malformation	má formação congênita
General Practitioner (GP)	Médico de Clínica Geral
masticator muscles	músculos mastigadores
antiepileptic drugs (AEDs)	medicações antiepilépticas (MAEs)
Internal Medicine	Medicina Interna
Functional Independence Measure (FIM)	Medida de Independência Funcional
prophylactic measure	medida profiláctica
Methylphenidate	Metilfenidato
offals	miúdas
microcephaly	microcefalia
Mini Mental State Examination (MMSE)	Mini Exame de Estado Mental (MEEM)
myriocin	miriocina
mitosis	mitose
monotherapy	monoterapia
versive movement	movimento versivo
Women With Epilepsy (WWE)	mulheres com epilepsia (MCEs)
nephrology	nefrologia
neoplasms	neoplasias
neuroencephalopathy	neuroencefalopatia
neuropediatrician	neuropediatra
lymphatic nodes	nodos  linfáticos
occlusion of the rectum	oclusão do reto
ophthalmology	oftalmologia
Clinical Research Organisation (CRO)	Organização de Investigação Clínica
oxcarbazepine	oxcarbazepina
oxygen therapy	oxigenoterapia
jowl (dewlap)	papada
cardiorespiratory arrest	parada cardiorrespiratória
abdominal and thoracic walls	paredes abdominal e torácica
pathophysiology	patofisiológia
pathophysiological	patofisiológica
pathognomonic	patognomónico
perioperative	perioperatório
pulmonology	pneumologia
Pneumology	Pneumologia
pulmonologist / pulmonary doctor	pneumologista
Glass jar	Pote de vidro
Glass jar	Pote de vidro
primadone	primadona
sponsor	promotor
propedeutic	propedêutica
Surgical Propaedeutics	Propedêutica Cirúrgica
pterygoideus	pterigoideo
pterygoidei	pterigoideos
puerperium	puerpério
capillary puncture	punção capilar
health related quality of life (HRQOL)	qualidade de vida relacionada à saúde (QVRS)
queloid	queloíde
screening	rastreio
rats	ratos
motor rehabilitation (from a stroke)	reabilitação motora (de um derrame)
cardiorespiratory resuscitation	reanimação cardio-respiratória
post-anaesthetic recovery (PAR)	recuperação pós-anestésica (RPA)
cardiopulmonary resuscitation (CPR)	ressuscitação cardiopulmonar (RCP)
Allergic Rhinitis and its Impact on Asthma (ARIA)	Rinite Alérgica e seu Impacto na Asma (ARIA)
Rhinosinusitis	Rinossinusites
risperidone	risperidona
Autopsy Room	Sala de Necropsia
bleeding	sangria
acute coronary syndrome	síndrome coronariana aguda
Acute Coronary Syndrome	Síndrome Coronário Agudo
pubic symphysis	sínfise pubiana
tallow	sebo
sediment microscopy	sedimentoscopia
selegiline	selegilina
allergic reaction	sensibilização alérgica
nasal septum	septo nasal
Non-atopic Wheezing	Sibilantes não Atópicos
wheezing	sibilância
sentinel system	sistema de sentinelas
corporeal systems	sistemas corporais
Portuguese Atherosclerosis Society	Sociedade Portuguesa de Aterosclerose
Portuguese Society of Geriatrics and Gerontology	Sociedade Portuguesa de Geriatria e Gerontologia
Portuguese Society of Pneumology (SPP)	Sociedade Portuguesa de Pneumologia (SPP)
nasoenteral catheter	sonda nasoenteral
status epilepticus	status epilepticus
pork	suíno (carne)
hogs	suínos (porcos machos castrados destinados a consumo humano)
underdiagnosis	subdiagnóstico
under-diagnosed	subdiagnosticada
Advanced Cardiac Life Support (ACLS)	Suporte Avançado de Vida em Cardiologia
Basic Life Support - BLS	Suporte Básico de Vida - SBV
tachycardia (palpitations)	taquicardia
tetanus	tétano
adipose tissue	tecido adiposo
fatty tissue	tecido adiposo
theophyllines	teofilinas
hormonal replacement therapy	terapia de reposição hormonal
topiramate	topiramato
Bipolar Disorder (manic-depression)	TRANSTORNO BIPOLAR
major depressive disorder (MDD)	transtorno depressivo maior (TDM)
Attention-Deficit Hyperactivity Disorder (ADHD)	Transtorno do Déficit de Atenção/Hiperatividade (TDAH)
Treatment of the Aortic Valve Stenosis by Percutaneous access	Tratamento da Estenose Valvular Aórtica por Via Percutânea
tripe	tripa
offals room	triparia
hepatic and thyroid tumors	tumores hepáticos e de tireóide
solid and hematologic tumors	tumores sólidos e hematológicos
European Union of Medical Specialists (UEMS)	União Europeia dos Médicos Especialistas (UEMS)
Primary Health Centres - PHC	Unidades de Saúde Primárias - UCP
pork fat	unto
valproate	valproato
Mitral Valve	Valvula Mitral
Aortic Valve	Valvular Aórtica
viscera (entrails)	vísceras
presynaptic vesicles	vesículas pré-sinápticas
vegetative wasp	vespa vegetativa
neuronal pathways	vias neuronais
videosurgery	videocirurgia
oral or buccal swab	zaragatoa bucal
disposable syringe	seringa descartável
convincing/forceful (argument)	(argumento) contundente
reporting counsel/commissioner	conselheiro relator
right to adversarial proceedings	direito ao contraditorio
filing/attachment of documents (in lawsuit)	juntada de documentos
writ of mandamus	mandado de segurança
non-solicitation of clients agreement	pacto de nao agressao de clientes
defendant	polo passivo
instalments falling due	prestacoes vincendas
prosecution's request	promoçao ministerial
quantum of evidence	quantum probatorio
investigation secrecy	segredo de justica
failure to thrive	insuficiência de crescimento/deficiência/atraso na progressão do crescimento
Abdomen	abdomen
abdominal thrusts	compressão abdominal
ABG	Arterial Blood Gases (sangue arterial, coletado para exames)
acetyl-L-carnitine	acetil-L-carnitina
acquired	adquirido
ADL	Activities of Daily Living (atividades diárias)
Adult Spinal Muscular Atrophy (SMA)	Atrofia Muscular Espinhal em Adultos
adverse effect	efeitos adversos
Aerochamber	espaçador
Aerosol	aerosol
Affect	afetar
AFO	Ankle Foot Orthoses (Ortose
Aggressive	agressivo, ambicioso
Aided	com auxílio de
Airbone Jr.	Airbone Jr (remédio para gripes, resfriados e tosses)
airway obstruction	obstrução das vias aéreas respiratórias
airways	via aéreas
albuterol	albuterol
ALDR (similar to ALD)	ligado à adrenoleucodistrofia
ALS Lou Gehrig's disease or amyotrophic lateral sclerosis	Esclerose Lateral Amiotrófica (ELA)
alternative medicine	medicina alternativa
Ambubag	reanimador infantil
Ameliorate	melhorar, atenuar, aperfeiçoar
amino acids supplements	suplementos de aminoácidos
Amniocentesis	amniocentese
Amniotic Fluid	líquido aminiótico
Anaesthesia	anestesia
animal model	modelo animal
anterior horn cell	corno anterior da medula
anti inffective	anti-infecção
anti-sense cells	células anti-sentido
antibodies	anti-corpos
anticoagulant	anticoagulante
antisense oligonucleotides (ASOs)	oligonucleotídeos anti-sentido
Apnea	Apinéia
Apnea Monitor	Monitor de Apinéia
Apoptosis	apoptóse
Approach	abordar, acessar, conduta, abordagem
Approaches	abordagens, condutas
Aspiration	aspiração
asymptomatic	assintomático
Atelectasis	atelectasia pulmonar, colapso pulmonar
Atrophy	atrofia
auto-hematotherapy	auto-hematoterapia
auto-hemoterapia	auto-hemoterapia (AH)
autoimmune disease	doença autoimune, auto-agressão
Autosomal inheritance	herança genética autossômica
autosomal recessive inheritance	genética recessiva autossômica
axon	axônio
bactéria	bactéria
balance	equilíbrio
Becker Muscular Dystrophy (BMD)	Distrofia Muscular de Becker
Bedridden	acamado, doente, de cama
Bind	atadura, faixa, atado, amarrado
Biomarker	biomarcador
biopharmaceutical companies	companhias biofarmaceuticas
BiPAP	Bi-PAP (dispositivo ventilação positiva)
blood brain barrier	barreira hematoencefálica
blood stream	corrente sanguinea
blow air in	soprar, enviar ar
body fluids	fluidos corporais
bone erosion	erosão óssea
boost	aumento, estímulo
breakthrough	novidade, avanço, progresso, ruptura
breathing pattern	padrão de respiração
Bronchial Drainage	drenagem brônquica
bronchial obstruction	obstrução dos brônquios
Bronchodislators	broncodilator
Bronchoscopy	broncoscopia
C-Flex machine	máquina/dispositivo C-Flex
C-PAP - Continuous Positive Airway Pressure	Pressão positiva contínua de ar nas vias aéreas
Cannula	cânula
Caregiver	profissional da saúde
CARNI-VAL	Teste clínico em AME
CARNI-VAL	teste clínico em AME
Carnitine	carnitina
Carrier	portador
Carrier Testing	teste para portadores
Caspase	caspases (grupo de proteases)
Catheter	catéter
Códon	códon
CDC	Center for Disease Control
Centromere	centrômero
cervical (lordosis)	lordose cervical
Charcot-Marie-Tooth Disease (CMT)	Doença de Charcot-Marie-Tooth
chest cavity	cavidade torácica
chest pain	dor no peito
Chest Percussion	percussão torácica
Chest Physiotherapy	fisioterapia torácica
Chorionic Tissue	tecido coriônico
Chunk	bloco, pedaço
clinical trials	testes clínicos
clogged	obstruído, entupido
CNS	Central Nervous System
Code Blue	código azul (kit de primeiros socorros para paradas cardíacas/respiratórias)
collapsed lungs	atelectasia pulmonar, colapso pulmonar
compound	composto
Concave	côncavo
Congenital Muscular Dystrophy (CMD)	Distrofia Muscular Congênita
congenital scoliosis	escoliose congênita
congestive heart failure (CHF)	falência cardíaca congestiva
controlled trials	testes controlados
cough assist	tosse assistida, auxílio mecânico para tosse
cough assist machine	dispositivo/aparelho de tosse assistida
cough cycle	ciclo da tosse
CPR - cardiopulmonary resuscitation	RCP - ressuscitação cardiopulmonar
CPR cardiopulmonary resuscitation	ressuscitação cardiopulmonar (RCP)
CPT - Chest physical therapy	Terapia pulmonar
CPT Chest physical therapy	terapia pulmonar
creatine supplement	suplemento de creatina
CTP	carnitine palmitoyltransferase
cultured brain slices	porções de cérebro cultivados
curve magnitude	magnitude, extensão da curvatura
curve rigidity	rigidez da curvatura
CVS	Chorionic villus sampling
cystic fibrosis	fibrose cística
cytochrome C	citocromo C
deletion mapping	mapeamento cromossômico
demyelination	mielina
device fracture	fratura do dispositivo
diagnostic procedure	procedimento do diagnóstico
distal muscles	músculos periféricos
Distal Muscular Dystrophy (DD)	Distrofia Muscular Periférica (Distal)
Disuse atrophy	atrofia por desuso
DNR order	ordem de não-reanimação
dosage range	faixa de dosagem, média de dosagem
double-blind phase	fase de testes com placebos
drug response	reação ás drogas
drug safety	segurança do uso de medicamentos, drogas
Duchenne Muscular Dystrophy (DMD)	Distrofia Muscular de Duchenne
Due Process Hearing	audiência processual
embryonic stem cells	células tronco embriônicas
enlarged breasts	peito alargado
EPAP - expiratory positive airway pressure	Pressão expiratória positiva nas vias aéreas
equipment suppliers	fornecedores de equipamentos
European Medicines Agency (EMEA)	Agência Européia de Medicamentos
Extubation	Extubação
Facioscapulohumeral Muscular Dystrophy (FSH)	Distrofia Muscular Fascioescapulohumeral
Fasciculations	fasciculação
FDA (Food and Drug Association)	Associação de Alimentos e Medicamentos
Fetoscopy	fetoscopia
fibre membrane	membrana de fibra
fibroblasts	fibroblastos
floppiness	fraqueza
flu shot	uso adequado
forearm	ante-braço
Frog leg position	posição de rã
fructose intolerance	intolerância à fructose
fructose tolerance	tolerância à fructose
function testing (PFT)	teste de função
FVC	Forced Vital Capacity
Gaifenesin	gualfenesin, gualfenesina
Gait training	treino de marcha
Gaits	marchas
Gastroesophageal Reflux - GE Reflux	refluxo gastroesofágico
Gene Therapy	terapia genética
genetic blood test	teste genético sanguíneo
Genetic Counseling	aconselhamento genético
Genetic Markers	marcadores genéticos
genetic screening	mapeamento genético
GPB (glossopharyngeal breathing )	RGF - respiração glossofaríngea
GPB (glossopharyngeal breathing )	RGF - respiração glossofaríngea
gross motor	habilidade motora grossa
Hammersmith Function Motor Scale (MHFMS)	Escala de Função Motora de Hammersmith
Handicapped	deficiente físico
Healthcare	plano de saúde
healthcare professionals	profissionais da saúde
heart muscle	músculo coronário, do coração
heart palpitation	palpitação coronária
High pressure hydrocephalus	Hidrocefalia com pressão alta
histamine	histamina
histone deacetilase (HDAC) inhibitors	histonas inibidoras
HKAFO Hip, knee, ankle foot orthoses	órtose dos quadris, joelhos, tornozelos e pés
Home Health Care Team (HHCT)	Equipe de Atendimento Médico Domiciliar
Hydrofluoroalkane	hidrofluoroalcano
Hydroxides	hidróxidos
Hydroxyurea	hidroxiuréia
hyper- and hypo-thyroid myopathy	miopatia da hiper e hipotireóide
Hypotonia	hipotonia
Hypoventilation	hipoventilação
Hypoxia	hipoxia
IDEA Individuals with Disabilities Education Act	Ato Educacional para Individuos portadores de Deficiências Físicas
IEP Individualized Education Program	Programa de Educação Individual
immune response	reação imunológica
impaired gait	andar defeituoso, deficiente
in vitro fertilization procedures	procedimento de fertilização in vivo
In-Exsufflator	In-Exsuflattor
indoprofen	composto para tratamento de AME
Infantile Progressive Spinal Muscular Atrophy (SMA1) Werdnig-Hoffman	Atrofia Muscular Espinhal Progressiva Infantil (Tipo 1)
Inflammatory Myopathies	miopatias inflamatórias
inhalation/insufflation	inalação/insuflação
inhaled steroid	esteróide inalável
injury	ferimento, lesão
Institutional Review Board	Conselho de revisão institucional
Insuflation-exuflation	Insuflação-desinflação
intensive care unit (ICU)	UTI
intercostal muscles	músculos intercostais
intramuscular injection	injeção intramuscular
IPAP - inspiratory positive airway pressure	Pressão inspiratória positiva nas vias aéreas
IPPB	Intermittent Positive Pressure Breathing
IPPB - Intermittent Positive Pressure Breathing	Respiração com pressão positiva intermitente
IPPV (intermittent positive pressure ventilation)	IPPV - ventilação por pressão positiva intermitente
IPPV (intermittent positive pressure ventilation)	ventilação por pressão positiva intermitente
KAFO	órtese do quadril, tornozelo e pé
Kyphosis	cifose
lactose intolerance	intolerância à lactose
laryngeal mask	máscara laríngea, laringeal
late-onset	adquirido tardiamente
later stages	estágios avançados, tardios
leading genetic killer disease	doença genética que mais faz vítimas
life threatening	que ameaça a vida
Linkage Analysis	Análise de ligação gênica
Lou Gehrig's disease	doença de Lou Gehrig
manually assisted/unassisted	auxilio manual, manualmente assistido/não assistido
MDA Muscular Dystrophy Association	Associação de Distrofias Musculares
mental functioning	funcionamento mental
mild	ameno, moderado
misdiagnosed	mau diagnosticado, diagnosticado de forma errada
missing/fused ribs	costelas unificadas/fundidas
MMT	Manual muscle test
Mobile Stander	cadeiras de posicionamento, stand in móveis
Molded Seat	almofadas/assentos moldados
motor activity	atividade motora
Motor Neuron Diseases	doenças neuro-motoras
Mouthpiece	bocal, máscara para a boca
Mucinex	Mucinex
mucuous plugs	tampão mucoso
mucuous secretions	secreções mucosas
MUNE motor unit number estimation	Estimação/Avaliação no Número de Unidade Motora
myelin sheath	bainha de mielina
Myopathy	miopatia
Myostatin	miostatina (proteína inibidora do crescimento)
myotonia	miotonia
Myotonic Muscular Dystrophy (MMD)	Distrofia Muscular Miotônica
Nasal	pillows
Nasogastric tube/NG	tubo de ventilação / alimentação
National Institute of Neurological Diseases and Stroke (NINDS)	Instituto Nacional de Doenças Neurológicas e Derrame
Negative Pressure	pressão negativa
neonatal screening	exame pré-natal
neural tube defect	defeito do tubo neural
neurodegenerative diseases	doenças neurodegenerativas
neurological disorders	distúrbios neurológicos
neuropathic pain	dor neuropática
Neuropathy	Neuropatia
non-ambulatory	não-ambulatório, que não se encontra hospitalizado
Oculopharyngeal Muscular Dystrophy (OPMD)	Distrofia Muscular Oculofaríngea
open-label phase	fase aberta de um teste clínico
optimal dose regimes	regime de dosagem adequada
panacea	panacéia
Parapodium	parapodium
Pathogenesis	patogênese
Peak cough flows (PCF)	Picos de fluxo de tosse
Peak cough flows (PCF)	picos de fluxo de tosse
Peak respiratory flows	Picos de fluxo respiratório
peak respiratory flows	picos de fluxo respiratório
Pectus Excavatum	Peito escavado
PEEP	pressão final positiva
pelvic obliquity	inclinação pélvica
Peripheral Nerve Diseases	doenças dos nervos periféricos
Phenytoin	fenitoína
Physical therapy	terapia física
Physiotherapy	fisioterapia
pilot Trial	teste-piloto
pivotal phase	fase centra, principal
pneumothorax	pneumotórax
Positive Pressure	pressão positiva
Positive pressure ventilation	Ventilação de pressão positiva
post-operative pain	dor no pós-operatório
preclinical trials	testes pré-clínicos
predicted effectice dose	dosagem eficaz premeditada
progressive paralysis of muscles	paralisia progressiva dos músculos
Pronation	pronação
Prone	propenso
proximal muscles	músculos proximais
psychosocial	psicosocial
PTC124	droga voltada à AME
Pulse oximeter	oxímetro de pulso
Quinine	quinina
Ratembryos	embriões de ratos
Related Services	Serviços Correlatos
repair, to	reparar
replacement of faulty gene (gene therapy)	reposição do gene defeituoso (terapia genética)
replacement therapy	terapia de reposição
Respirator/Ventilator	respirador, ventilador
respiratory distress	dano respiratório
respiratory failure	falência respiratória
respiratory muscle aid	auxílio à musculatura respiratória
rib Cage	caixa torácica
salbutamol	salbutamol
SaO (Oxygen Saturation Level)	SatO (nível de saturação de oxigênio)
SaO (Oxygen Saturation Level)	SatO (nível de saturação de oxigênio)
Settings	configurações
severe fatigue	fadiga severa
shallower breathing	respiração superficial, curta
shortness of breath	deficiência respiratória
sickle cell anemia	anemia falciforme
side effects	efeitos colaterais
sitting balance	equilíbrio ao sentar-se
skin breakthrough	ruptura, erosão na pele
sleep apnea	apnéia noturna, do sono
sleep study	estudo do sono
slurred speech	fala ininteligível, gaguejada
SMO	órtese supra-maleolar
sodium phenyl butyrate	fenilbutirato de sódio
speech impairment	distúrbio da fala
speech problems	problemas na fala
spina bífida	espinha bífida
Spinal environments	Componentes da coluna vertebral
spinal fusion	fusão espinhal
standard growth rods	hastes de expansão padrão, hastes de crescimento
standard treatment	tratamento padrão
sternum	esterno
Stiff joints	juntas enrijecidas
Stroke	derrame
stuffed-up nose	nariz entupido, congestionado
sudden apnea	apnéia súbita
Supination	supinação
Supine Stander	Supine Stander
surgical removal	remoção cirúrgica
symptomatic relief	alívio de sintomas
telemore	telômero
teratoma	teratoma
thalassemia	talassemia
thyroid hormone	hormônio da tireóide
thyroid problems	problemas da tireóide
To be lost to follow-up	Não ser localizado
Tra2-beta 1 phosphorylation	tra2-beta 1 fosforilação
Tracheotomies	traqueostomia
Trichostatin A	tricostatina A
TRO19622	TRO19622 (droga desenvolvida por laboratório farmacêutico para o tratamento da AME)
Trophos19622	Trophos19622 (droga desenvolvida pelo laboratório Trophos para o tratamento da AME)
truncated protein	proteína truncada
Two-tailed Fishers Exact t Test	Teste exato de Fisher Bicaudal
valproate	vacina contra gripe
VC vital capacity	capacidade vital
Volume-cycled ventilator	Ventilador de volume cíclico
Walker	andador
wash out period	período de desintoxicação
white blood cells	glóbulos brancos
X-linked	ligado ao cromossomo X
X-linked adrenoleukodystrophy (X-ALD)	adrenoleucodistrofia (ALD) ligada ao cromossomo X
volumetric/volume acquisition	Aquisicao volumetrica
volumetric/volume acquisition	Aquisicao volumetrica
Coeficiente de Honorario (CH)	Chs
has long been employed	tem sido utilizado/empregado ha muito tempo
in am	in the morning (a.m.)
medical publications/materials/articles	obras medicas
fat layer	Plano gorduroso
Ancillary Service of Diagnosis and Therapy	S.A.D.T. - Servico Auxiliar de Diagnostico e Terapia
Abdominal Injury	Lesão Abdominal
Abdominal Pain	Dor Abdominal
Abrasions	Escoriações
Alergie	Alergia
Allergic Reactions	Reacções Alérgicas
stretching	alongamento
Ankle Problem	Problemas do Tornozelo
Anxiety	Ansiedade
Arm Injury	Lesão do Membro Superior
Back Injury	Lesão no Dorso
Back Pain	Dor nas Costas
Behaviour Change	Alteração do Comportamento
Belching	Eructação
Bites	Mordeduras
Bites Insect	Picadas de Insecto
Breast Feeding Problem	Problemas de Amamentação
Breast Problem Female	Problemas da Mama na Mulher
Breast Problem Male	Problemas da Mama no Homem
Breathing Problem	Problemas Respiratórios
Breathing Problem Infant or Toddler	Problemas Respiratórios na Criança
Bruising	Hematomas
Burns	Queimaduras
Calf Pain or Swelling	Dor ou Tumefacção da Região Gemelar
Calf-Wrap	meia de compressão
Chest Injury	Lesão Tórax
Chest Pain	Dor no Peito
Colds and Flu	Gripe e Constipações
Confusion	Confusão ou Desorientação
Constipation	Obstipação
Constipation, Infant or Toddler	Obstipação na Criança
Cough	Tosse no Adulto
Cough Infant	Tosse na Criança (0-1 ano)
Cough Toddler	Tosse na Criança (1-4 anos)
Crisis Call Assault or Violence	Chamada De Crise Assalto ou Violência
Dental Problem	Problemas Dentários
Depression	Depressão
Diabetes Mellitus	Diabetes Mellitus
Diarrhea	Diarreia no Adulto ou na Criança (5-16 anos)
Diarrhea Infant or Toddler	Diarreia na Criança (0-4 anos)
Dizziness or Vertigo	Tontura ou Vertigem
Ear Problem	Problema no Ouvido
Elbow Pain or Swelling	Dor ou Tumefacção do Cotovelo
Excessive Sweating	Sudação Excessiva
Eye Problem	Problema Ocular
Facial Injury	Lesão Facial
Facial Pain or Swelling	Dor ou Tumefacção Facial
Fainting or Syncope	Lipotimia ou Síncope
Falls	Quedas
Fatigue	Fadiga
Fever	Febre
Fever Infant or Toddler	Febre na Criança
Finger Pain or Swelling	Dor ou Tumefacção dos Dedos da Mão
Flank Pain	Dor no Flanco
Flatulence	Flatulência
Foot Pain or Swelling	Dor ou Tumefacção do Pé
funduscopy (fundus oculi)	fundoscopia
gates drill	broca de Gates
Geriatric Problem	Problemas Geriátricos
Groin Pain or Swelling	Dor ou Tumefacção da Região Inguinal
Hand Problem	Problemas da Mão
Head Injury	Lesão Cabeça
Headache	Cefaleia / Dor de Cabeça
Hearing Loss	Perda de Audição
Heartburn	Pirose
hemibody	hemicorpo
Hiccups	Soluços
Hip Pain or Buttock Pain	Dor na Anca
Hoarseness	Rouquidão
Ingestion Foreign Body	Ingestão de Corpo Estranho
Ingestion Toxic Substance	Ingestão de Substâncias Tóxicas
Inhalation Injury	Lesão por Inalação
Jaw Pain or Swelling	Dor ou Tumefacção Mandibular
Knee Problem	Problemas do Joelho
Laceration or Wound	Laceração ou Ferida
Leg Injury	Lesão do Membro Inferior
Leg Problem	Problemas do Membro Inferior
life-giving treatment	tratamento revigorante / estimulante / vivificante
Lumps	Nódulos
Major Trauma	Traumatismo Major
Male Sexual Dysfunction	Disfunção Sexual Masculina
Muscle Problem	Problemas Musculares
Nail Problem	Problemas das Unhas
Neck Injury	Lesão do Pescoço
Neck Pain or Swelling	Dor ou Tumefacção Cervical
Numbness	Entorpecimento
nurse (colonies)	receptora/hospedeira
Occlusion	oclusão
Oral Problem	Problemas da Cavidade Oral
Palpitations	Palpitações
Pandemic Influenza	Gripe Pandémica
peeso reamer	broca de Peeso
Penile Problem	Problemas do Pénis
Post-Partum Problem	Problemas do Pós-Parto
Pregnancy Problem	Problemas da Gravidez
Puncture Wounds	Feridas Puncionantes
Rash Infant	Rash na Criança
Rash Toddler	Rash na Criança (1-4 anos)
Rectal Problem	Problemas Ano-Rectais
Seizures	Convulsões
shoulder girdle	cintura escapular
Shoulder Problem	Problemas do Ombro
Skin Problem	Problemas de Pele
Sleep Problem	Alterações do Sono
steroid naïve	esteróide-naive
Stings	Picada de Abelha
Suicide Ideation	Ideação Suicida
Sun or Heat Exposure	Exposição ao Sol ou Calor
Swollen Ankles	Edema dos Membros Inferiores
Testicular or Scrotal Problem	Problemas Testiculares ou Escrotais
Throat Problem	Problemas da Garganta
Tinnitus	Acufenos
Toe Pain or Problem	Problemas dos Dedos do Pé
twinge	pontada de dor / dor aguda
Unwell or Irritable Infant	Criança Irritável (0-1 ano)
Urinary Problem	Problemas Urinários
Urogenital Problem	Problemas Urogenitais
Vaginal Problem	Problemas Vaginais
Vomiting	Vómito
Vomiting Infant or Toddler	Vómito na Criança
Wheezing or Asthma	Pieira ou Asma
Wound Problem	Ferida Cirúrgica
Wrist Pain or Swelling	Dor ou Tumefacção do Punho
detumescence	detumescência
birth educators	Instrutores de parto
Pharmacokinetics	Farmacocinética
tooth stain eraser	branqueador dental
ageing	envelhecimento
dor, doença	ailment
nascer a termo.	born full term
CASE MANAGER	gerente de caso
Data da Nascimento	DOF
encounter	consulta
Habilidade Motora Fina	Fine Motor
Habilidade Motora Grossa	Gross Motor
triagem auditiva	hearing screen
immunosorbent assay	imunoabsorção
mediaid	serviços médicos
medicare	cuidados médicos
REssonência magnética	MRI
desmaiou	passed out
habilidade psicomotora	Perceptual Motor
referral	orientação
Convulção, Ataque epilético	seizure
serology	sorologia
assustado/a	startles
T-cell	Linfócito T
tantrums	birras
se queixará	will whine
Regulatory organ	Instância Ordenadora
Zarit´s Caregiver Burden Inventory	Inventário de Sobrecarga do Cuidador
low-back pain	lombalgia
raw skin	carne viva / tecido vivo
rebound insomnia	insónia de ressalto
(self-)constructive review/(self-)constructive critical analysis/reflexion	reflexão crítico-propositiva
Polio Vaccination Campaign	SABIN Campanha
abdomen	abdômen
abnormal	anormal
abortion	aborto
abrasion	abrasão
abrasion	abrasão
achalasia	acalasia
achalasia	acalasia
adenoids	adenoides
adenotonsilectomy	adenotonsilectomia
adherence	aderência
adherence	aderência
adhesion	adesão, aderencia
admission date	data do internamento / da internação
admission date	data do internamento
adult diapers	fraldas para adultos, fraldões
adult diapers	fraldas para adultos
Adult Repiratory Distress Syndorme	Síndrome de angústia respiratória do adulto
Adult Repiratory Distress Syndorme (ARDS)	Síndrome de angústia respiratória do adulto (SARA)
airway obstruction	obstrução das vias aéreas
airway obstruction	obstrução das vias aéreas
airways	vias aéreas, vias respiratórias
airways	vias aéreas
albumin	albumina (tipo de proteina simples)
albumin	albumina
allergic	alérgico
allergic	alérgico
allergies	alergias
allergies	alergias
allergist	alegista
alveoli	alvéolo
Alzheimers disease	doença de Alzhiemer
Alzheimers disease	doença de Alzhiemer
amnesia	amnésia
amnesia	amnésia
amniocentesis	amniocentese
amnion	àmnio
amnion	àmnio
anal grove (anal cleft)	o sulco anal (a fissura anal)
anal grove (anal cleft)	o sulco anal (a fissura anal
anatomy	anatomia
anesthesiology	anestesiologia
anesthesiology	anestesiologia
anesthetic	anestésico
angioplasy	angioplastia
ankle	tornozelo
anorexia	anorexia
anorexia	anorexia
another common practice	outro caso vulgar
another common practice	outro caso vulgar
another common practice	outro caso vulgar
Ant other concerns	qualquer outra preocupação
Ant other concerns	qualquer outra preocupação
antacid	antiácido
antacid	antiácido
antacid	antiácido
antibacterial	antibacteriano
antibacterial	antibacteriano
antibiotic-resistant	resistente a antibiotico
antibiotic-resistant	resistente a antibiotico
antibiotic-resistant	resistente a antibiotico
antibióticos	antibody
antibiotics	antibióticos
antibiotics	antibióticos
antibody	anticorpo
antihistamine	antihistaminico
anus	ànus
anus	ànus
anxiety	ansiedade
aorta	aorta
apathy	apatia
apnea	apneia
apnea	apneia
appendectomy	apendicectomia
appendectomy	apendicectomia
appendicitis	apendicite
appetite	apetite
applicant	candidato, requerente, pretendente
appointment	consulta médica, apontamento
appointment book	a agenda
Are you being abused ?	Está sendo maltratada ?
areola (the circle around the nipple)	a aréola da mama
arm	braço
armpit	axila
armpit hair	os pêlos axilares
arterial disease	enfermidade das artérias, doença arterial
arterial disease	enfermidade das artérias, doença arterial
arteriosclerosis	arteriorsclerose
arteriostenosis	arteriostenose
artery	artéria
artery	artéria
arthritis	artrite
arthritis	artrite
ascending colon	cólon ascendente
aspiration biopsy	biópsia por aspiração
aspirin	aspirina
asthma	asma
astigmatism	astigmatismo
attending physician	médico de serviço / banco / plantão
auditory hallucination	alucinação auditiva
auditory hallucination	alucinação auditiva
auditory nerve	o nervo auditivo
autopsy	autópsia
autopsy	autópsia
back	as costas
bacteria	bactéria
bacteria	bactéria
bald	careca
band-aid	band-aid, penso rapido
band-aid	band-aid
bandage	bandagem, faixa, ligadura
bandage	bandagem
bangs	franja
barbiturates	barbituricos
barbiturates	barbituricos
barbiturates	barbituricos
barium	bário
barium enema	enema baritado
barium enema	clíster opaco
barium enema	enema baritado
beaker	proveta, béquer
bear down	fazer força para baixo
beard	barba
bed-pan	comadre, arrastadeira
belching	comadre, arrastadeira
belching	arroto, eructar
belching	arroto, eructar
belly	barriga, abdômen
bend down (bend over)	Curve-se para abaixo, abaixar
BID (twice a day)	duas vezes por dia
bifocal	bifocal
bilateral	bilateral
bilateral	bilateral
bile	bile
biological mother	mãe biológica, mãe natural
biopsy	biopsia
biopsy	biópsia
biopsy	biopsia
birth	natalidade
birth certificate	certidão de nascimento
black hair	cabelo preto
blackout	inconsciente
bladder	bexiga
bladder	bexiga
bleeding	sangramento
blister	bolha, empolação
blister	bolha
blood	sangue
blood type	tipo sangüineo, grupo sangüineo
blood type	tipo sangüineo
bone marrow	medula óssea
bone marrow	medula óssea
bowel	intestino
breakthrough bleeding	hemorragia
breakthrough bleeding	hemorragia
breast	seio, mama
breast	seio
breathe	respirar
breathe	respirar
c-section	cesariana
carrier	portador
chills	arrepios
chills	arrepios
cholecyst	vesicular biliar, coleciste
cholecyst	vesicular biliar
chorion	córion
chorion	córion
chronic	crônico
chronic bronchospastic lung disease	doença crônica pulmonar broncoespática
circulation	circulação
circumcision	circuncisão
cirrhosis	cirrose
cold (as in sick)	resfriado
colic	cólica
colichy pain	dor tipo cólica
colitis	colite
color blindness	daltonismo
colostomy	colostomia
coma	coma
concussion	concussão
condom	camisinha, camisa de vénus
consciousness	consciência
consent	consentimento
constipation	prisão de ventre
contraceptives	anticoncepcionais
convulsions	convulsões
coronary artery	artéria coronária
coronary artery	artéria coronária
cotton wool	algodão
cotton wool	algodão
cough	tosse
cough up blood	escarrar sangue
CPR (cardiopulmonary resuscitation)	ressuscitação cardio pulmonar
cramps	cãibra (muscular), cólicas
cramps	cãibra
cranial nerves	nervos cranianos
crew cut	corte á escovinha
crohn's disease	doença de crohn
crutch	muleta
culture	amostra
curly hair	cabelo encaracolado
cut	corte
cut	corte
cyanosis	cianose
cyst	cisto, quisto
cyst	cisto
cystogram	cistograma
dandruff	caspa
dark stools	fezes escuras
deaf	surdo
Dear John letter	carta de despedida
decubitus (an ulcer or bedsore)	decúbito
deep breathing	respiração profunda
deficiency	deficiência
degenerating joint disease (DJD)	doença degenerativa das juntas
dehydration	desidratação
delirium	delírio
delirium	delírio
delivery (as in child birth)	parto
delusion	desilusão
denial	recusa
dental floss	fio dental
dental hygienist	higienista dentário
dentist	dentista
denture	a dentadura, placa
depression	depressão
dermatitis	dermatite
dermatologist	dematologista
dermatology	dermatologia
descending colon	cólon descendente
diaper rash	irritação da pele, assadura de fralda
diaphragm (for birth control)	diafragma (para controle de natalidade)
diarrhea	diarréia
dicharge (flow of fluid)	corrimento
dictated by	ditado por
diet	dieta
dilatation (swell, distend, or expand)	dilatação
diphteria ( a contagious baterial disease)	difteria
discharge (leaving the hospital)	de alta
discharge date	data de alta
discomfort	desconforto, incomodo
disinfectant	desinfectante
dislocation	deslocamento
disorder	desordem, doença
diverticulitis	diverticulite
diverticulitis	diverticulite
diverticulosis	diveticulose
dizziness	tontura, vertigem
dizziness	tontura, vertigem
dizziness	tontura
Do you feel any numbness	Você sente algum dormência
Do you feel any numbness	Você sente algum falta de sensação
doctor	médico
dosage	dosagem
dosage	dosagem
double vision	visão dupla
double vision	visão dupla
double vision	visão dupla
down sydrome	sindrme de down, mongolism
drowning person	o afogado
drug addiction	dependente de drogas, toxicodependencia
drug addiction	dependente de drogas
drug addiction	dependente de drogas
drugstore	drogaria
dry cough	tosse seca
dull pain	dor fraca
duodenal ulcers	úlceras duodenais
duodenum (part of the intestinal tract)	duodeno
dye	contraste
dysentery (bloody feces due to bacteria)	desinteria
dyspnea (shortness of breath)	dispnéia (falta de ar)
dysuria (impaired ability to pass urine)	disuria (dificuldade em urinar)
ear	orelha
ear drum	timpano
ear lobe	o lóbulo da orelha
economic status	estatuto económica, condição económica
eczema	eczema
edema	edema
effort	esforço
egg	ovulo
elbow	cotovelo
electrocardiogram	eletrocardiograma
emergency	emergência
emergency doctor	médico de emergência
emergency room	sala de emergência, serviço de urgência
emphysema	enfisema
emphysema	enfisema
emphysema	enfisema
encephalitis	encefalite
endocarditis (inflammation of the heart)	endocardite
endocrinology	endocrinologia
endocrinology	endocrinologia
endometrium	endometrio (tunica mucosa uterina)
endoscope	endoscópio
endoscopic retrograde cholangiopancreatograph	colangiopancreatographia edoscopia retrograda
enema	enema, clister
enema	clister
enteritis	enterite
enteritis	enterite
enteritis (intestinal inflammation)	enterite
epidermis	epiderme
epidermis	epiderme
epidural anesthesia	anestesia epidual
epilepsy	epilepsia
episiotomy	episiotomia
esophageal bleeding	hemorragia esofágica
esophagus	esôfago
essential tremor	tremores crônicos
examining table	mesa de exames
exhale	exalar
exhaustion	exhaustão
expiration	expiracão
expiration date	data de validade
exposure	exposição
external	externo, exterior
eye exam	exame de/da vista (?)
eyebrow	sobrancelha
eyelash	eyelash
eyelid	palpebra
eyes	olhos
face	o rosto, cara
facility staff	funcionário
faint	desmaio, desmaiar
fallopian tube	trompa de falopio
family doctor	médico de familia
family practice	medicina familiar
farsightedness	hiperopia, hipermetropia
fasting	jejum
features	feições
fee	taxa
female	indívidou do sexo feminino
fever	febre
fibriod	fibroide
filling	obturação
finger	dedo,fingernai
finger	dedo,fingernai,unha
fire extinguisher	os corrimões
first aid	primeiros socorros
first aid kit	o estojo de primeiros socorros
fist	o punho
flank (side)	flanco
flexible sigmiodoscopy	sigmoidoscopia flexivel
follow-up appointment	consulta de seguimento/ acompanhamento
food intolerance	intolerância alimentar
foot	pé
for a fee	por uma taxa
for external use	para uso externo
for the first time	pela primeira vez
for yourself	para si próprio
forearm	o antebraço
forehead	a fronte, a testa
fracture	fractura
freckles	sardas
free care	assistência médica gratuita
frontal sinus	o seio frontal
G.I. Clinic	clínica gastro-intestinal
G.I. tube	tubo gastrointestinal
G.U. Clinic	Clínca gênito-urinário
G.U. Clinic	Clínca gênito-urinário
gall bladder	vesícula biliar
gallstones	cálculos biliares
ganglion	ganglio
gangrene	gangrene
gas exchange	troca gasosa, troca de gases
gas exchange	troca gasosa, troca de gases
gastric cancer	câncer gástrico
gastritis	gastrite
gastro-intestinal	gastro-intestinal
gauze	gaze
genital-urinary	gênito-urinário
germ	germe
groin	virilha
laxative	laxativo
leprosy	lepra
leukemia	leucemia
leukorrhea	leucorréia
liver	figado
loss of appetite	perda de apetite
lumbar region	região lombar
lupus	lupus
lymph gland	glândula linfática
medical director	chefe da equipe médica
medical history	histórico médico
medication	medicação
menarche	primeira menstruação
sangue	blood type
abr	sluchowe potencjaly wywolane pnia mozgu
offending	agressoras
oral blister	Herpes simples
P.R.N. BASIS	caso seja necessário/ consoante a necessidade
peritoneal B1 -IgM+	B1 peritoneal -IgM+
Pink puffer	Soprador rosado ou do Tipo A, PP
pink puffer	Soprador rosado ou do Tipo A, PP
Pinpoint pupils	Pupilas contraidas
red blood cell products	Produtos de eritrócitos
respiratory medicine	Medicina respiratória/Pneumologia
saccade	Sacada
scalloped facial flap	Retalho facial semilunar
surgical drape	Pano cirúrgico
thyrotropes	tireotrofo
trace proteinuria	Proteinúria leve ou  de Grau 1
tropism assay	Ensaio de tropismo
tropism assay	Ensaio de tropismo
trypsinize cells	Tratar as células com tripsina
tubal sterilization	Laqueamento das trompas, ou esterilização laparoscópica
unroofing	Ressecção óssea
