 1 Abasie	abasi	     
 1 Abbau	nedbrytning	     
 1 Abbindung	stelningstid	     
 1 Abdruckmasse	avtrycksmaterial	     
 1 Abdusenzlähmung	abdusenspares	     
 1 aberrierend	aberrant	     
 1 abführende Wirkung	laxerande verkan	     
 1 Abführmittel	laxeringsmedel	     
 1 Abgang	missfall	     
 1 abhängig	beroende	     
 1 Ablassrate	deflationshastighet	     
 1 Abnabelung	avnavling	     
 1 abnorm	abnorm	     
 1 absondern	utsöndra	     
 1 Absonderung	utsöndring	     
 1 absorbierend	absorberande	     
 1 Abstinenzerscheinung	abstinenssymptom	     
 1 Abstinenz	helnykterhet	     
 1 Abstinenzler	helnykterist	     
 1 abstoßen	avstöta	     
 1 Abstoßreaktionen	avstötningsreaktioner	     
 1 Abstoßung	avstötning	     
 1 abszedieren	abscedera	     
 1 Abszess	varböld	     
 1 Abwehrkräfte	immunförsvar	     
 1 Accelerin	accelerin	     
 1 AC Gelenk	akromioklavikularled	     
 1 Achillessehne	akillessenan, hälsenan	     
 1 Achillessehnenruptur	akillesseneruptur	     
 1 Achillodynie	akillodyni	     
 1 Achselhöhle	armhåla	     
 1 Acorea	akoré	     
 1 Adamsapfel	adamsäpple	     
 1 Adaptation	adaptering	     
 1 adduzieren	adducera	     
 1 Adenektomie	adenektomi	     
 1 Aderlass	åderlåtning	     
 1 ADI	accepterat dagligt intag	     
 1 adrenal	som avser binjurarna	     
 1 Agoraphobie	torgskräck	     
 1 Agraffe	agraff	     
 1 Agraffe	sårklämma	     
 1 Aichmophobie	sjuklig rädsla för att skada sig själv eller andra med skärande eller spetsiga föremål	     
 1 Ailurophobie	sjuklig rädsla för katter	     
 1 akinetisch	akinetisk	     
 1 akquirieren	ackvirera	     
 1 Akromegalie	akromegali	     
 1 Akupressur	akupressur	     
 1 Akureyri-Krankheit	akureyrisjukan	     
 1 Alalie	alali	     
 1 Albumen	albumen	     
 1 Alfentanil	alfentanil	     
 1 Alginsäure	alginsyra	     
 1 Algophobie	algofobi	     
 1 Algurie	alguri	     
 1 Alkoholiker	alkoholist	     
 1 Allergie	allergi	     
 1 Allgemeinmedizin	allmänmedicin	     
 1 Allgemeinmediziner	allmänläkare	     
 1 Allgemeinzustand	allmäntillstånd, AT	     
 1 Alligatorzange	alligatortång	     
 1 Allopezie	alopeci, håravfall	     
 1 Alraune	alruna	     
 1 Alternativmedizin	alternativmedicin	     
 1 altersschwach	skröplig, ålderssvag	     
 1 alveolär	alveolär	     
 1 Alveole	blåsa, urholkning	     
 1 Alzheimers Krankheit	Alzheimers sjukdom	     
 1 Amalgamabscheider	amalgamseparator	     
 1 Amalgam	amalgam	     
 1 Amalgamtätowierung	amalgamtatuering	     
 1 Amastie	amasti	     
 1 amaurotisch	amaurotisk	     
 1 Ambidexter	ambidexter	     
 1 Ambidextrie	ambidextri	     
 1 Ambisexualität	bisexualitet	     
 1 Amboss	städ	     
 1 ambulant	ambulant, ej sängliggande	     
 1 Ambulanz	akutmottagning	     
 1 Ameisensäure	myrsyra	     
 1 amelanotisch	amelanotisk	     
 1 Amelie	ameli	     
 1 Amenorrhoea, Amenorrhö	amenorré	     
 1 AMG, Arzneimittelgesetz	läkemedelslagen	     
 1 Amidase	amidas	     
 1 Aminosäuren	aminosyror	     
 1 AML, akute myeloblastische Leukämie	AML, akut myeloisk leukemi	     
 1 Amme	amma	     
 1 Ammonshorn	ammonshornet	     
 1 Amnesie	amnesi	     
 1 amnestisches Syndrom	amnestiskt syndrom	     
 1 Amnionflüssigkeit	amnionvätska	     
 1 Amnionhöhle	amnionhålan	     
 1 Amotio	amotio	     
 1 Ampullenflasche	ampullflaska	     
 1 Amputat	amputat	     
 1 Amputation	amputation	     
 1 amputieren	amputera	     
 1 Amtsarzt	distriktsläkare	     
 1 Anämie	anemi	     
 1 Anamnese	anamnes, sjukdomshistoria	     
 1 anaphylaktischer Schock	anafylaktisk chock	     
 1 Anaphylaxie	anafylaxi	     
 1 Anästhesie	anestesi	     
 1 Anästhetist	narkosläkare	     
 1 Anatomie	anatomi	     
 1 Anfallsleiden	epilepsi	     
 1 Angiologie	angiologi	     
 1 Angst-Glück-Psychose	cykloid psykos	     
 1 Anormalität	abnormalitet	     
 1 Anosmie	avsaknad av luktsinne	     
 1 Antidepressivum	antidepressivt medel	     
 1 Antikoagulation	antikoagulation	     
 1 Antikörper	antikroppar	     
 1 Antikörper	immunoglobuliner	     
 1 Antioxidanten	antioxidanter	     
 1 Aortabogen	aortabågen	     
 1 Aortenklappe	aortaklaff	     
 1 Apex	apex	     
 1 Apex-Lokator	apexlokalisator	     
 1 Apherese	aferes	     
 1 Apotheke	apotek	     
 1 apothekenpflichtig	som endast säljs på apotek	     
 1 Apparatemedizin	högteknologisk sjukvård	     
 1 Appendicitis	blindtarmsinflammation	     
 1 Appendix	appendix	     
 1 Arbeitsmedizin	arbetsmedicin	     
 1 Arbeitsunfall	olycksfall i arbetet	     
 1 Arm	arm	     
 1 Armbeuger	överarmsmuskel	     
 1 Arm-Hals-Schlagader	arm-huvudstammen	     
 1 Arnika	slåtterfibbla	     
 1 arrythmie	arytmi	     
 1 Arterie	artär	     
 1 arterielles Blut	arteriellt blod	     
 1 Arthritis	artrit, ledgångsinflammation	     
 1 Arthrose	artros	     
 1 Arzneibuch	farmakopé	     
 1 Arzneiform	läkemedelsform	     
 1 Arzneimittelabhängigkeit	läkemedelsberoende	     
 1 arzneimittelabhängig	läkemedelsberoende	     
 1 arzneimittelähnliche Produkte	läkemedelsliknande produkter	     
 1 Arzneimittel	läkemedel	     
 1 Ärztekammer	läkarsällskap	     
 1 Arzt für Allgemeinmedizin	allmänläkare	     
 1 Arzthelferin	mottagningssköterska	     
 1 Arztpraxis	läkarpraktik	     
 1 Asbestose	asbestos	     
 1 aseptisk	steril	     
 1 Asthma	astma	     
 1 Asthmatiker	astmatiker	     
 1 Atembeschwerden	andningsstörningar	     
 1 Atemnot	andnöd	     
 1 Atemorgane	andningsorgan	     
 1 Atemstillstand	andningsstillestånd	     
 1 Atemstörungen	andningsstörningar	     
 1 Atemwege	luftvägar	     
 1 Atemwegskrankheit	luftvägssjukdom	     
 1 Atlas	atlaskota	     
 1 Atmung	andning	     
 1 Atmungsorgane	andningsorgan	     
 1 Auffrischimpfung	omvaccinering; revaccinering	     
 1 aufgedunsen	uppsvälld	     
 1 Aufklärungsformular	informationsformulär	     
 1 auf nüchternen Magen	på fastande mage	     
 1 Aufpumpzeit	inflationstid	     
 1 Aufputschmittel	stimulansmedel	     
 1 aufsteigende Aorta	uppåtstigande aorta	     
 1 Augapfel	ögonglob	     
 1 Augenarzt	ögonläkare	     
 1 Augenbinde	ögonbindel, lapp för ögat	     
 1 Augenbraue	ögonbryn	     
 1 Augenbrennen	ögonsveda	     
 1 Augendeckel	ögonlock	     
 1 Augendruck	ögontryck	     
 1 Augenentzündung	ögoninflammation	     
 1 Augenfältchen	rynkor kring ögonen	     
 1 Augenfarbe	färg på ögonen	     
 1 Augenfehler	synfel	     
 1 Augenheilkunde	oftalmologi, oftalmiatrik	     
 1 Augenhöhle	ögonhåla	     
 1 Augenklappe	lapp för ögat	     
 1 Augenklinik	ögonklinik	     
 2 Augenkrankheit	ögonsjukdom	     
 1 Augenlicht	syn	     
 2 Augenlid	ögonlock	     
 2 Augenmuskel	ögonmuskel	     
 1 Augennerv	synnerv	     
 1 Augenringmuskel	ögats ringmuskel	     
 1 Augenrötung	rodnande ögon	     
 1 Augensand	ögongrus	     
 1 Augentropfen	ögondroppar	     
 2 Augenwimpern	ögonfransar	     
 1 Augenzahn	hörntand, ögontand	     
 1 Auge	öga	     
 1 ausatmen	andas ut	     
 1 Ausbreitung	spridning, utbredning	     
 1 ausdünsten	utsöndra	     
 1 ausheilen	bota fullständigt	     
 1 Ausschabung	skrapning	     
 1 ausschwitzen	svetta ut, avsöndra	     
 1 äußere Drosselvene	yttre halsven	     
 1 ausspülen	spola ur	     
 1 Autismus	autism	     
 1 autoklavieren	autoklavera	     
 1 Autophobie	autofobi	     
 1 Avitaminose	avitaminos	     
 1 Avocadoöl	avokadoolja	     
 1 Babynahrung	barnmat	     
 1 Babyspeck	babyhull	     
 1 Backenzahn	kindtand	     
 1 Bäckerekzem	bagareksem	     
 1 Bakterie	bakterie	     
 1 Bakterienherd	bakteriehärd	     
 1 Bakteriologe	bakteriolog	     
 1 bakteriologisch	bakteriologisk	     
 1 Balanitis	balanit	     
 1 Balken	hjärnbalk	     
 1 Bänderriss	ledbandsruptur	     
 1 Bänderzerrung	ledbandsskada	     
 1 Bandinsuffizienz	bandinsufficiens	     
 1 Band	ledband	     
 1 Bandscheibe	disk	     
 1 Bandscheibenvorfall	diskbråck	     
 1 Bandscheibenvorwölbung	diskprotrusion	     
 1 Bange	oro, rädsla	     
 1 Barodontalgie	barodontalgi	     
 1 Bauch	buk, mage	     
 1 Bauchfellentzündung	bukhinneinflammation	     
 1 Bauchhöhle	bukhåla	     
 1 Bauchhöhlenschwangerschaft	utomkvedshavandeskap	     
 1 Bauchkneifen	magknip	     
 1 Bauchkrämpfe	magkramp	     
 1 Bauchmuskel	bukmuskel	     
 1 Bauchnabel	navel	     
 1 Bauchpelotte	abdominalpelott	     
 1 Bauchschmerzen	magsmärtor, gastralgi	     
 1 Bauchspeicheldrüse	bukspottkörtel	     
 1 Bauschmuskel	skulderbladshöjare	     
 1 Bazillenfurcht	bacillskräck	     
 1 Bazillenträger	smittbärare	     
 2 Bazillus	bacill	     
 1 BCG-Schutzimpfung	calmettevaccination	     
 1 Beatmungsgerät	respirator	     
 1 Becken	bäcken	     
 1 Beckengurt	bäckenband	     
 1 Beckenknochen	bäckenben	     
 1 bedingt arbeitsfähig	partiellt arbetsför	     
 1 bedrückt	nedstämd	     
 1 Befund	undersökningsresultat	     
 1 beginnende Fehlgeburt	begynnande missfall	     
 1 Begleiterkrankung	följdsjukdom	     
 1 Begleiterscheinung	följdsymptom	     
 1 Begleitverletzungen	följdskador	     
 1 behäbig	korpulent	     
 1 Behandlungszimmer	behandlingsrum	     
 1 Beinahe-Todesereignis, ALTE	ALTE	     
 1 Beinbruch	benbrott	     
 1 Beipackzettel	bipacksedel	     
 1 belebend	stimulerande	     
 1 Bereitschaft haben	ha jourtjänstgöring	     
 1 Bereitschaftsarzt	jourläkare	     
 1 Bereitschaftsdienst	jour	     
 1 beruhigend	lugnande	     
 1 Beruhigungsmittel	lugnande medel	     
 1 Beruhigungsspritze	lugnande spruta	     
 1 beschneiden	omskära	     
 1 beschnitten	omskuren	     
 1 Bestrahlung	strålning	     
 1 Betäubungsmittel	narkotika	     
 1 Bettnässer	sängvätare	     
 1 Bewegungsartefakte	rörelseartefakter	     
 1 Bewusstlosigkeit	medvetslösenhet	     
 1 bewusstlos	medvetslös	     
 1 Bewusstsein	medvetande	     
 1 Bibliomanie	bibliomani	     
 1 Bindegewebe	bindväv	     
 1 Bindehaut	bindhinna	     
 1 Bindehautentzündung	bindhinneinflammation	     
 1 Bindehautsack	bindhinnepåse	     
 1 Biochemie	biokemi	     
 1 Biokompatibilität	biokompatibilitet	     
 1 Bittermittel	bittermedel	     
 1 Bizeps	biceps	     
 1 Blähungen	väderspänning	     
 1 bleich	blek	     
 1 Blennophobie	blennofobi	     
 1 blind	blind	     
 1 Blinddarm	blindtarm	     
 1 Blutandrang	blodkongestion, blodsvall	     
 1 Blutarmut	anemi, blodbrist	     
 1 Blutauge	hemoftalmus	     
 1 Blutausstrich	blodutstryk	     
 1 Blutbild	blodbild	     
 1 Blut	blod	     
 1 Blutdruckabfall	blodtrycksfall	     
 1 Blutdruckamplitude	blodstrycksamplitud	     
 1 Blutdruck	blodtryck	     
 1 Blutdruckmessung, BDM	blodtrycksmätning, BTM	     
 1 Blutdruckmonitor	blodtrycksmonitor	     
 1 Blutdruckparameter	blodtrycksvärde	     
 1 Bluteiweißstoffe	plasmaproteiner	     
 1 Blutentnahme	blodtagning	     
 1 Bluterbrechen	hematemes, blodkräkning	     
 1 Bluterguss	hematom, blodutgjutning	     
 1 Blutersatzlösung	blodersättning	     
 1 Blutgefäß	blodkärl	     
 1 Blutgerinnung	koagulation	     
 1 Blutgerinnungsanomalien	koagulationsavvikelser	     
 1 Blutgruppe	blodgrupp	     
 1 Bluthusten	blodhosta	     
 1 Blutkrebs	leukemi, blodcancer	     
 1 Blutkreislauf	blodomlopp	     
 1 Blutkuchen	blodkaka, blodcruor, blodkrusta	     
 1 Blutprobe	blodprov	     
 1 Blutschädigung	blodskador	     
 1 Blutschande	incest, blodskam	     
 1 Blutserum	blodvatten, blodserum	     
 2 Blutspender	blodgivare	     
 1 Blutströmung	blodflöde	     
 1 Bluttransfusion	blodtransfusion	     
 1 Blutungen	blödningar	     
 1 Blutuntersuchung	blodprov	     
 1 Blutverdünnungsmittel	blodförtunnande läkemedel	     
 1 Blutvergiftung	blodförgiftning	     
 1 Blutwäsche	blodtvätt	     
 1 Bockhartsche Krankheit	Bockharts follikulära impetigo	     
 1 Bogengang	båggång	     
 1 Botenstoffe	neurotransmittorer	     
 1 Brechreiz	kväljningar, illamående	     
 1 Bronchen	bronker	     
 1 Bronchospasmus	bronkospasm	     
 1 Bruch	brock	     
 1 Brücke	brygga	     
 1 Brustbein	bröstben	     
 1 Brustbeklemmung	trånghet i bröstet	     
 1 Brustenge	trånghet i bröstet	     
 1 Brustwirbel	bröstkota	     
 1 Brustwirbelsäule, BWS	bröstryggrad	     
 1 Bursitis	bursit	     
 1 Cave	Varning	     
 1 cerebrovaskulär	cerebrovaskulär	     
 1 Chefarzt	överläkare	     
 1 Chemotherapie	kemoterapi	     
 1 Chirurgie	kirurgi	     
 1 Chirurg	kirurg	     
 1 Cholesterin	kolesterol	     
 1 Contergankind	neurosedynbarn	     
 1 Daknomanie	sjuklig böjelse att bita eller döda	     
 1 Dakryoadenitis	dakryoadenit	     
 1 Daktylitis	daktylit	     
 1 Damenbart	skäggväxt på kvinna	     
 1 Dämmerattacke	psykomotoriskt anfall	     
 1 Damm	perineum	     
 1 Dampfdesinfektion	ångdesinfektion	     
 1 Darmbeinkamm	höftbenskam	     
 1 Darmgrippe	maginfluensa	     
 1 Darmkrebs	cancer i tarmen	     
 1 Darmpassage	passagen genom tarmen	     
 1 Darmpech	barnbeck	     
 1 Darm	tarm	     
 1 Darmverschluss	tarmstopp	     
 1 Darmzotten	tarmludd	     
 1 Darreichungsform	läkemedelsform	     
 1 Dauermüdigkeit	kronisk trötthet, ihållande trötthet	     
 1 Daumenballen	tummens förlängning in i handflatan	     
 1 Daumen	tumme	     
 1 Debilität	debilitet	     
 1 Decoctum	dekokt	     
 1 decrepitus	svag, orkeslös	     
 1 defibrillationsgeschützt	defibrillationsskyddad	     
 1 Defloration	deflorering	     
 1 Deglutition	deglutition	     
 1 Dehnungsreflex	sträckreflex	     
 2 Dehydration	dehydrering	     
 1 Dekontamination	dekontaminering	     
 1 Deltamuskel	deltamuskel	     
 1 Dengue-Fieber	denguefeber	     
 1 Dentalphobie	tandläkarskräck	     
 1 Dentophobie	dentofobi	     
 1 der Halsrücken	halsrygg	     
 1 Dermatitis	dermatit	     
 1 Dermatologe	dermatolog	     
 1 Dermatologie	dermatologi	     
 1 Diabetes	diabetes	     
 1 Diabetiker	diabetiker	     
 1 diabetischer Fuß	diabetesfot	     
 1 Diabetologie	diabetologi	     
 1 Dialysebehandlung	dialysbehandling	     
 1 Dialyse	dialys	     
 1 Dialysegerät	dialysmaskin	     
 1 Diaphragma	diafragma	     
 1 Diastole	diastole	     
 2 diastolisch	diastolisk	     
 2 Dickdarm	tjocktarm	     
 1 Diuretikum	diuretikum	     
 1 Doppelwertigkeit	ambivalens	     
 1 Dorsalflexion	dorsalflexion	     
 1 Dosis	dos	     
 1 Draht	tråd, sutur	     
 1 Drei-Tage-Fieber	tredagarsfeber	     
 1 Drillinge	trillingar	     
 1 drohende Fehlgeburt	hotande missfall	     
 1 Dromomanie	dromomani	     
 1 Druckgefühl	tryckande känsla	     
 1 Druckkanüle	tryckkanyl	     
 1 Drüse	körtel	     
 1 Dünndarm	tunntarm	     
 1 durchblutend	blodcirkulerande	     
 1 Durchblutung	blodcirkulation	     
 1 Durchblutungsstörung	rubbningar i blodcirkulationen	     
 1 Durchfall	diarré	     
 1 durchschnittliche Lebensdauer	medellivslängd	     
 1 Dyslipoproteinämie	dyslipoproteinemi	     
 1 Eierstock	äggstock	     
 1 eineiige Zwillinge	enäggstvillingar	     
 1 einen Vogel haben	vara knäpp i skallen	     
 1 eingewachsene Nägel haben	nageltrång	     
 1 Einlauf	lavemang	     
 1 Einmalkittel	engångsförkläde	     
 1 Einnahme	intagning	     
 1 Eintauchdesinfektion	doppdesinfektion	     
 2 Einzelstümpfe	enstaka tandstumpar	     
 1 Eiweiß	äggvita, protein	     
 1 Ektokardie	hjärtbråck	     
 1 Ekzem	eksem	     
 1 Elektrolytverlust	elektrolytförlust	     
 1 Elektrophorese	elektrofores	     
 1 Ellbogen	armbåge	     
 1 Elle	armbågsben	     
 1 Ellenbogenluxation	armbågsluxation	     
 1 emulsionsstabilisierend	emulsionsstabiliserande	     
 1 Endglied	yttre fingerben, distalfalang	     
 1 Endodontie	endodonti	     
 1 Endokrinologie	endokrinologi	     
 1 entbinden	förlösa	     
 2 Entbindung	förlossning	     
 1 Entbindungsklinik	förlossningsklinik	     
 1 Entbindungsstation	förlossningsavdelning	     
 1 Entsättigungsphase	desaturationsperiod	     
 1 Entspannung	avslappning	     
 1 Entspannungsübung	avslappningsövning	     
 1 Entwicklungsstörungen	utvecklingsstörningar	     
 1 Entziehungskur	avvänjningskur	     
 1 Entzug	avvänjningskur	     
 1 Entzugserscheinung	abstinenssymptom	     
 1 entzünden	inflammera	     
 1 entzündlich	inflammatorisk	     
 1 Entzündung	inflammation	     
 2 entzündungshemmend	inflammationshämmande	     
 1 Epidemie	epidemi	     
 1 Epilepsie	epilepsi	     
 1 epileptisch	epileptisk	     
 1 Erbgut	arvsmassa	     
 1 erbgutverändernd	mutagen	     
 1 Erbrechen	kräkningar	     
 1 Ergotherapie	ergoterapi	     
 1 Erholung	rekreation, vila	     
 1 erholungsbedürftig	i behov av rekreation	     
 1 Erholungsheim	konvalescenthem, vilohem	     
 1 erkältet	förkyld	     
 1 Erkältung	förkylning	     
 1 Ernährung	nutrition	     
 1 Ernährungsberater	nutritionsrådgivare	     
 1 Ernährungsberatung	nutritionsrådgivning	     
 1 ernst	allvarligt	     
 1 Erotomanie	erotomani	     
 1 Erreger	smittämnen	     
 1 erwärmend	värmande	     
 1 Erziehungsberechtigter	målsman	     
 1 ESRD, End Stage Renal Disease	terminal njursjukdom	     
 1 Fachklinik	specialistsjukhus	     
 1 faktitielles Fieber	faktitiell feber	     
 1 faktitiell	faktitiell	     
 1 Familienplanung	familjeplanering	     
 1 Famulatur	famulatur	     
 1 Fangopackung	lerinpackning	     
 1 farbenblind	färgblind	     
 1 Farbenblindheit	färgblindhet	     
 1 fasten	fasta	     
 1 Fastenkur	fastekur	     
 1 Fehldiagnose	feldiagnos	     
 1 Fehlgeburt	missfall	     
 1 Fehlurteil	felbedömning	     
 1 Feigwarze	kondylom	     
 1 Feldlazarett	fältsjukhus	     
 1 Femurkopf	lårbenshuvud	     
 1 Fencheltee	fänkålste	     
 1 Ferse	häl	     
 1 Fersenbein	hälben	     
 1 Fersenkeile	hälkilar	     
 1 Fettgewebe	fettvävnad	     
 1 Fettstoffwechsel	fettämnesomsättning	     
 1 Fetus	foster	     
 1 Feuchtigkeitsregulierung	fuktighetsreglering	     
 1 feuchtigkeitsspendend	fuktighetsgivande	     
 1 Feuermal	eldsmärke	     
 1 fibular	fibulär	     
 1 Fieberanfall	feberanfall	     
 1 Fieber	feber	     
 1 fieberfrei	feberfri	     
 1 fieberhaft	med feber	     
 1 Fieberkurve	feberkurva	     
 1 Fiebermittel	febernedsättande medel	     
 1 fiebern	vara febrig	     
 1 fiebersenkend	febersänkande	     
 1 Fieberthermometer	febertermometer	     
 1 fiebrig	febrig	     
 1 filmbildend	filmbildande	     
 1 Fingerbeere	fingerblomma	     
 1 Finger	finger	     
 1 Fingernagel	fingernagel	     
 1 Fingerspitze	fingertopp	     
 1 Fischallergie	fiskallergi	     
 1 Fistel	fistel	     
 1 Fistelstimme	falsettröst	     
 1 Flagellomanie	flagellomani	     
 1 Flaum	fjun	     
 1 Fleckfieber	fläcktyfus	     
 1 Fleischvergiftung	förgiftning av kött	     
 1 Folgeerscheinung	efterverkning	     
 1 Fontanelle	fontanell	     
 1 Forensik	forensisk medicin	     
 1 fortpflanzungsgefährdend	reproduktionstoxisk	     
 1 Fötus	foster	     
 1 Frauenheilkunde	gynekologi	     
 1 Frauenklinik	kvinnoklinik	     
 1 freie Rippe	falskt revben	     
 1 Fremdkörperzange	alligatortång	     
 1 Froschaugen	utstående ögon, glosögon	     
 1 fruchtschädigend	fosterskadande	     
 1 Fruchtwasser	fostervatten	     
 1 Fruchtwasserprobe	fostervattensprov	     
 1 Frühchen	för tidigt fött barn	     
 1 Früherkennung	tidig upptäckt el. diagnos	     
 1 Frühgeborenenstation	prematuravdelning	     
 1 Frühgeburt	för tidig födsel	     
 1 Frühsommermeningo-Enzephalitis (Zeckenschutzimpfung)	fästingburen meningoencefalit (TBE-vaccinering)	     
 1 Fungämie	fungemi	     
 1 Furunkel	furunkel, böld	     
 1 Fusidinsäure	fusidinsyra	     
 1 Fußbad	fotbad	     
 1 Fußgelenk	fotled	     
 1 Fußgeruch	fotlukt	     
 1 fußkrank	med dåliga fötter	     
 1 Fußleiden	ont i fötterna	     
 1 Fußmykose	fotsvamp	     
 1 Fußpflege	fotvård	     
 1 Fußpfleger	fotvårdare	     
 1 Fußschweiß	fotsvett	     
 1 Fußsohle	fotsula	     
 1 Fußsohlenreflex	fotsulereflex	     
 1 Fußsohlenreflex	plantarreflex	     
 1 Fußspitze	fotspets	     
 1 Fußwurzel	fotvrist	     
 1 Fußwurzelknochen	fotrot	     
 1 Gallenblase	gallblåsa	     
 1 Gallenblasenentzündung	inflammation i gallblåsan	     
 1 Gallensteine	gallsten	     
 1 Gallert	gelatin	     
 1 Gamophobie	gamofobi	     
 1 Gastritis	magkatarr, gastrit	     
 1 Gastroenteritis	gastroenterit	     
 1 Gastroenteritis	magsjuka	     
 1 Gastroenterologie	gastroenterologi	     
 1 Gaumen	gom	     
 1 Gaumenzäpfchen	gomspene	     
 1 Gaumenzapfen	gomspene	     
 1 Gaze	gasbinda	     
 1 Geäder	ådernät	     
 1 geädert	ådrig	     
 1 gebären	föda	     
 1 Gebärmutterkrebs	livmodercancer	     
 1 Gebärmutter	livmoder	     
 1 Gebärmuttervorfall	livmoderframfall	     
 1 Geburtenkontroll	födelsekontroll	     
 1 Geburtenrate	nativitet	     
 1 Geburtenregelung	födelsekontroll	     
 1 Geburt	födsel	     
 1 Geburtshilfe	obstretrik	     
 1 Gedächtnislücke	minneslucka	     
 2 Gedächtnis	minne	     
 1 Gedächtnisschwund	minnesförlust	     
 1 Gedächtnisstörung	minnesstörning	     
 1 Gefäßchirurgie	vaskulärkirurgi	     
 1 Gefühl	känsla	     
 1 Gefühllosigkeit	okänslighet, känslolöshet	     
 1 gefühllos	okänslig	     
 1 gefühlsarm	känslokall, kylig	     
 1 Gefühlsausbruch	känsloutbrott	     
 1 gefühlsbetont	känslomässig	     
 1 Gefühlsmensch	känslomänniska	     
 1 Gefühlsregung	sinnesrörelse	     
 1 Gegengift	motgift	     
 1 Gegenleiste	antihelix	     
 1 Gehirnblutung	hjärnblödning	     
 1 Gehirnerschütterung	hjärnskakning	     
 1 Gehirnhautentzündung	hjärnhinneinflammation	     
 1 Gehirnhaut	hjärnhinna	     
 1 Gehirn	hjärna	     
 1 Gehirntumor	hjärntumör	     
 1 Gehörfehler	hörselskada	     
 1 Gehörgang	hörselgång	     
 1 Gehör	hörsel, gehör	     
 1 Gehörknöchelchen	hörselben	     
 1 gehörlos	döv	     
 1 Gehörverlust	nedsatt hörsel	     
 1 Gehstützen	gåstöd	     
 1 geistesabwesend	tankspridd	     
 1 Geistesgegenwart	sinnesnärvaro	     
 1 geistesgestört	sinnesförvirrad	     
 1 geisteskrank	sinnessjuk, mentalsjuk	     
 1 Geistesschwäche	förståndshandikapp	     
 1 Geistesverwirrung	sinnesförvirring	     
 1 Geisteszustand	mentalt tillstånd	     
 1 geistig	mental, själslig	     
 1 Gelähmter	lam person	     
 1 gelähmt	förlamad	     
 1 Gelbsucht	gulsot	     
 1 Gelenkhöcker	ledhuvudsutskott, epikondyl	     
 1 Gelenk	led	     
 1 Gelenkschiene	ledskena	     
 1 Genesung	konvalescens, tillfriskande	     
 1 Genesungsheim	konvalescenthem	     
 1 Genetik	ärftlighetslära, genetik	     
 1 Genick	nacke	     
 1 Genickstarre	nackspärr	     
 1 Gentechnik	genteknik	     
 1 Gentechnologie	genteknologi	     
 1 Genusssucht	njutningsbegär	     
 1 Gereiztheit	irritation	     
 1 gereizt	irriterad	     
 1 Geriatrie	geriatrik	     
 1 Gerichtsmediziner	rättsläkare	     
 1 gerichtsmedizinisch	rättsmedicinsk	     
 1 Gerichtsmedizin	rättsmedicin	     
 1 gerinnen	koagulera, levra sig	     
 1 Gerinnsel	blodpropp	     
 1 Gerinnungssystem	koagulationssystem	     
 1 Gerstenkorn	vagel	     
 1 geruchlos	luktfri	     
 1 Geruch	luktsinne; lukt	     
 1 Geruchssinn	luktsinne	     
 1 Gesäß	bakdel, ända	     
 1 Geschlecht	kön	     
 1 geschlechtlicher Verkehr	sexuellt umgänge	     
 1 Geschlechtlichkeit	sexualitet	     
 1 geschlechtlich	sexuell, köns-	     
 1 Geschlechtskrankheit	venerisk sjukdom	     
 1 geschlechtskrank	som lider av könssjukdom	     
 1 Geschlechtsleben	sexualliv	     
 1 Geschlechtsorgan	könsorgan	     
 1 geschlechtsreif	könsmogen	     
 1 geschlechtsspezifisch	könsbunden	     
 1 Geschlechtsteile	könsdelar	     
 1 Geschlechtstrieb	sexualdrift	     
 1 Geschlechtsverkehr	sexuellt umgänge	     
 1 Geschmack	smak	     
 1 Geschmackssinn	smaksinne	     
 1 geschmeidig machend	uppmjukande	     
 1 Geschwulst	svullnad, svulst	     
 1 Geschwür	bulnad, böld	     
 1 Gesicht	ansikte	     
 1 Gesichtsausdruck	ansiktsuttryck	     
 1 Gesichtsfarbe	ansiktsfärg	     
 1 Gesichtsfeld	synfält	     
 1 Gesichtszüge	anletsdrag, ansiktsdrag	     
 1 Gestammel	stammande	     
 1 Gestotter	stammande	     
 1 Gesundheit	hälsa	     
 1 gesundheitlich	hälso-, hygienisk, sanitär	     
 1 gesundheitshalber	av hälsoskäl	     
 1 Gesundheitspflege	hälsovård	     
 1 gesundheitsschädlich	hälsovådlig, hälsofarlig	     
 1 Gesundheitswesen	hälso- och sjukvård	     
 1 Gesundheitszeugnis	friskintyg	     
 1 Gesundheitszustand	hälsotillstånd	     
 1 gesundschreiben	friskskriva	     
 1 Gesundung	tillfriskande	     
 1 Gewebeprobe	vävnadsprov	     
 1 Gewebe	vävnad	     
 1 Gewichtsprobleme	viktproblem	     
 1 Gewichtsverlust	viktförlust	     
 1 Gewicht	vikt	     
 1 Gewissen	samvete	     
 1 Gewissensbisse	samvetskval	     
 1 Gewissensgründe	samvetsskäl	     
 1 Gewissenskonflikt	samvetskonflikt	     
 1 Gewölbekörper	hjärnvalv	     
 1 Gipsbein	gipsat ben	     
 1 Gips	gips	     
 1 Gipsverband	gipsbandage, gipsförband	     
 1 Glasauge	emaljöga	     
 1 glättend	utjämnande	     
 1 Glatze	flint, kal hjässa	     
 1 glatzköpfig	flintskallig	     
 1 Gleichgewicht	balans	     
 1 Gleichgewichtsstörungen	balansrubbningar	     
 1 Gleichmut	jämnmod	     
 1 Gleitmittel	glidmedel	     
 1 Glied	led	     
 1 Gliedmaßen	lemmar	     
 1 Glotzaugen	utstående ögon	     
 1 Gonarthrose	gonartros	     
 1 Gonarthrose	knäledsartros	     
 1 grassieren	härja, grassera	     
 1 grauer Star	grå starr	     
 1 grau meliert	gråsprängd	     
 1 greisenhaft	senil	     
 1 griesgrämig	vresig, butter	     
 1 Grippe	influensa	     
 1 Grippewelle	influensaepidemie	     
 1 Größe	kroppslängd	     
 1 Größenwahn	storhetsvansinne	     
 1 großer Brustmuskel	stor bröstmuskel	     
 1 großer Gesäßmuskel	stor sätesmuskel	     
 1 großer Rundmuskel	musculus teres major	     
 1 Großhirn	stora hjärnan	     
 1 Grundglied	inre fingerben, proximalfalang	     
 1 grüner Star	grön starr	     
 1 Gürtelrose	bältros	     
 1 gutartig	godartad	     
 1 Gynäkologe	gynekolog	     
 1 Gynäkologie	gynekologi	     
 1 gynäkologisch	gynekologisk	     
 1 Haaransatz	hårfäste	     
 1 Haaraufrichter	hårresarmuskel	     
 1 Haarausfall	håravfall	     
 1 Haarentferner	hårborttagningsmedel	     
 1 Haarersatz	peruk	     
 1 haarfärbend	hårfärgande	     
 1 Haar	hårstrå	     
 1 Haarspitzen	hårtoppar	     
 1 Haarwuchs	hårväxt	     
 1 Haftschale	kontaktlins	     
 1 Hagebuttenkern	nyponfrön	     
 1 Halbbruder	halvbror	     
 1 Halbgeschwister	halvsyskon	     
 1 Halbschwester	halvsyster	     
 1 Halbwaise	barn som förlorat en förälder	     
 1 Halluzination	hallucination	     
 1 halluzinieren	hallucinera	     
 1 Halsentzündung	faryngit	     
 1 Halsentzündung	halsfluss	     
 1 Hals	hals	     
 1 Halskragen	halskrage	     
 1 Halskrause	halskrås	     
 1 Hals-Nasen-Ohren-Arzt, HNO-Arzt	öron-näsa-halsläkare	     
 1 Hals-Nasen-Ohren-Heilkunde	ÖNH	     
 1 Halsschlagader	halspulsåder	     
 1 Halsschmerzen	halsont	     
 1 Halswirbel	halskota	     
 1 Hämatologie	hematologi	     
 1 Hämatom	blodutgjutning	     
 1 Hammer	hammare	     
 1 Hämodialyse	hemodialys	     
 1 Hämoglobin	hemoglobin, blodfärgämne	     
 1 Hämorrhoiden	hemorrojder	     
 1 Handbeuger der Ellenseite	ulnar handrotsböjare	     
 1 Handfläche	handflata	     
 1 Handgelenk	handled	     
 1 Handknöchel	handknogar	     
 1 Handrücken	handrygg	     
 1 Handschiene	handskena	     
 1 Handwurzelknochen	handrot	     
 1 Hängebacken	påsiga kinder	     
 1 Hängebauch	hängbuk	     
 1 Hängebusen	hängbröst	     
 1 harmlos	ej allvarligt	     
 1 Harnblase	urinblåsa	     
 1 Harnstoff	urea	     
 1 harntreibend	urindrivande	     
 1 Harn	urin	     
 1 Hasenscharte	läppspalt	     
 1 Hausarzt	husläkare	     
 1 Hausärztin	kvinnlig husläkare	     
 1 Hausbesuch	hembesök	     
 1 Hauspflege	hemvård	     
 1 Hauspotheke	medicinskåp (i hemmet)	     
 1 Hautabschürfung	skrubbsår	     
 1 Hautarzt	hudläkare	     
 1 Hautausschlag	hudutslag	     
 1 Häutchen	tunn hinna	     
 1 Hautcreme	hudkräm	     
 1 Haut	hud, skinn	     
 1 Hautkrankheit	hudsjukdom	     
 1 Hautkrebs	hudcancer	     
 1 Hautpflege	hudvård	     
 1 hautpflegende	hudkonditionerande	     
 1 Hautpilz	hudsvamp	     
 1 Hautrezorption	hudresorption	     
 1 Hautrötung	hudrodnad	     
 1 hautschützende	hudskyddande	     
 1 Hauttransplantation	hudtransplantation	     
 1 Hauttyp	hudtyp	     
 1 Hebamme	barnmorska	     
 1 Heilanstalt	sjukhem	     
 1 Heilbehandlung	kurativ behandling	     
 1 Heilkraut	medicinalväxt	     
 1 Heilmittel	botemedel	     
 1 Heilpraktiker	naturläkare	     
 1 Heilung	läkning	     
 1 Heilungsprozess	läkningsprocess	     
 1 Heimdialyse	hemdialys	     
 1 heiser	hes	     
 1 Heiserkeit	heshet	     
 1 Heparingabe	heparindos	     
 1 Heparin	heparin	     
 1 Hepatitis	hepatit	     
 1 Herzaneurysma	hjärtaneurysm	     
 1 Herzasthma	hjärtastma	     
 1 Herzbeschwerden	hjärtbesvär	     
 1 Herzbeutel	hjärtsäcken	     
 1 Herzbeutel	hjärtsäck	     
 1 Herzchirurgie	hjärtkirurgi	     
 1 Herzerkrankung	hjärtsjukdom	     
 1 Herzfehler	hjärtfel	     
 1 Herzflimmern	hjärtflimmer	     
 1 Herzfrequenz	hjärtfrekvens	     
 1 Herz	hjärta	     
 1 Herzinfarkt	hjärtinfarkt	     
 1 Herzinsuffienz	hjärtinsufficiens	     
 1 Herzkammer	hjärtkammare	     
 1 Herzklopfen	hjärtklappning	     
 1 Herzkrankgefäß	kranskärl	     
 1 Herzkranzfurche	kransfåra	     
 1 Herzkreislaufsystem	hjärtcirkulationssystem	     
 1 Herz-Lungen-Maschine	hjärt-lungmaskin	     
 1 Herzmassage	hjärtmassage	     
 1 Herzrhythmusstörung	hjärtrytmrubbning	     
 1 Herzschlag	hjärtslag	     
 1 Herzschrittmacher	pacemaker	     
 1 Herzschwäche	hjärtsvikt	     
 1 Herzspitze	hjärtspetsen	     
 1 Herzstillstand	hjärtstillestånd	     
 1 Herztransplantation	hjärttransplantation	     
 1 Herztumor	hjärttumör	     
 1 Herzversagen	hjärtstillestånd	     
 1 Herzversagen	hjärtsvikt	     
 1 Herzvolumen	hjärtvolym	     
 1 Heuschnupfen	hösnuva	     
 1 Hexenschuss	ryggskott	     
 1 Hiatus	hiatus	     
 1 Hiatusinsuffienz	hiatusinsuffiens	     
 1 Hidroa	hydroa	     
 1 Hilfeleistung	hjälp, t ex första hjälpen	     
 1 Hinterhauptbein	nackben	     
 1 Hinterhauptmuskel	nackmuskel	     
 1 Hinterkopf	bakhuvud	     
 1 Hippopotomonstrosesquippedaliophobie	hippopotomonstrosesquippedaliofobi	     
 1 Hirnanhangsdrüse	hypofys	     
 1 Hitzebläschen	värmeutslag	     
 1 HNO-Klinik	öron-näsa-hals-klinik	     
 1 Hodenbruch	pungbråck	     
 1 Hodensack	pung	     
 1 Hoden	testikel	     
 1 Hohlkreuz	svankrygg	     
 1 holosystolisch	holosystolisk	     
 1 Homöopath	homeopat	     
 1 Homöopathie	homeopati	     
 1 homöopathisch	homeopatisk	     
 1 homophil	homosexuell	     
 1 Hörbehinderter	hörselskadad	     
 1 Hörfehler	hörfel	     
 1 Hörgerät	hörapparat	     
 1 hormonal	hormonell	     
 1 Hörnerv	hörselnerv	     
 1 Horngeschwulst	horntumör	     
 1 Hornhaut	hornhinna	     
 1 Hornhaut	hornhud	     
 1 Hornschicht	hornlager	     
 1 Hörprüfung	hörselprov	     
 1 Hörrohr	stetoskop	     
 1 Hörschaden	hörselskada	     
 1 Hörvermögen	hörselförmåga	     
 1 Hörzellen	hörceller	     
 1 Hühnerauge	liktorn	     
 1 humanpathogen	humanpatogen	     
 1 Humeruskopf	ledhuvud	     
 1 Humeruskopf	överarmsbenshuvud	     
 1 humpeln	linka	     
 1 hüsteln	hosta lätt	     
 1 Hustenanfall	hostattack	     
 1 Hustenbonbon	halstablett	     
 1 Husten	hosta	     
 1 Hustenreiz	rethosta	     
 1 Hydrämie	hydremi	     
 1 Hydrargyrie	hydrargyros	     
 1 Hydrolyse	hydrolys	     
 1 Hydrophobie	hydrofobi	     
 1 Hydrozelektomie	hydrocelektomi, borttagning av vattenbråck	     
 1 Hydrozele	vattenbråck, hydrocele	     
 1 Hypercholesterinämie	hyperkolesterolemi	     
 1 Hypergiaphobie	hypergiafobi	     
 1 hyper	hyper	     
 1 Hyperoxie	hyperoxi	     
 1 Hyperoxie	syrgasförgiftning	     
 1 Hypnose	hypnos	     
 1 hypnotisierien	hypnotisera	     
 1 Hypoadrenalismus	binjureinsufficiens	     
 1 Hypoalimentation	undernäring	     
 1 Hypochlorämie	hypokloremi	     
 1 Hypochonder	hypokondriker	     
 1 hypochondrisch	hypokondrisk	     
 1 Hypoglykemie	hypoglykemi	     
 1 hypo	hypo	     
 1 Hypokalzämie	hypokalcemi	     
 1 Hypophyse	hypofys	     
 1 Hyporeflexie	hyporeflexi	     
 1 Hypothermie	hypotermi	     
 1 Hypothermiesystem	hypotermisystem	     
 1 Hypothonie	hypotoni	     
 1 Hysterie	hysteri	     
 1 hysterisch	hysterisk	     
 1 Idiokrasie	idiosynkrasi	     
 1 Idiosynkrasie	idiosynkrasi	     
 1 Ilio-Sakral-Gelenk	sakroiliakaleden	     
 1 Immobilisation	immobilisering	     
 1 Immunität	immunitet	     
 1 Immunsystem	immunförsvar	     
 1 Immunsystem	immunsystem	     
 1 Impfausweis	vaccineringskort	     
 1 impfen	vaccinera	     
 1 Impfmal	vaccinationsärr	     
 1 Impfschein	vaccinationsbevis	     
 1 Impfstoff	vaccin	     
 1 Impfung	vaccinering	     
 1 Impfzwang	vaccinationsplikt	     
 1 Implantat	implantat	     
 1 Importkrankheit	importsjukdom	     
 1 impotent	impotent	     
 1 Impotenz	impotens	     
 1 Inappetenz	inappetens	     
 1 Indikation	indikation	     
 1 Indolenz	indolens	     
 1 induzieren	framkalla	     
 1 Infarkt	infarkt	     
 1 Infekt	infektion	     
 1 Infektion	infektion	     
 1 Infektionsabwehr	infektionsförsvar	     
 1 Infektionsgefahr	smittorisk	     
 1 Infektionsherd	infektionshärd	     
 1 Infektionskrankheit	infektionssjukdom	     
 1 Infektionsträger	infektionsbärare	     
 1 Infektionsträger	smittbärare	     
 1 infektiös	infektiös	     
 1 infertil	infertil	     
 1 infizieren	infektera	     
 1 infizieren	smitta	     
 1 inflexibel	inflexibel	     
 1 Influenza	influensa	     
 1 infraorbital	infraorbital	     
 1 infrapatellar	infrapatellar	     
 1 Infusion	infusion	     
 1 Infusionsbesteck	infusionssats	     
 1 Infusionsflasche	infusionsflaska	     
 1 Inhalation	inhalation	     
 1 inhalieren	inhalera	     
 1 inhibieren	inhibera	     
 1 Initialdosis	initialdos	     
 1 Injektion	injektion	     
 1 Injektionsnadel	injektionsnål	     
 1 Injektionsspritze	injektionsspruta	     
 1 injizieren	injicera	     
 1 inkomplette Fehlgeburt	ofullständigt missfall	     
 1 Inkontinenz	inkontinens	     
 1 Inkubationszeit	inkubationstid	     
 1 Inkubator	kuvös	     
 1 inkurabel	inkurabel	     
 1 Innenohr	inneröra	     
 1 innere Medizin	invärtesmedicin	     
 1 inoperabel	inoperabel	     
 1 Insektenstich	insektsbett	     
 1 Insuffizienz	insufficiens	     
 1 Insulinantikörper	insulinantikropp	     
 1 Insulin	insulin	     
 1 Insulinkoma	insulinkoma	     
 1 Insulinschock	insulinchock	     
 1 Intelligenzquotient, IQ	intelligenskvot, IQ	     
 1 Intelligenztest	intelligenstest	     
 1 Intensivpflege	intensivvård	     
 1 Intensivstation	intensivvårdsavdelning	     
 1 Intentionstrema	intentionstremor	     
 1 interalveolär	interalveolär	     
 1 intercostalis	intercostalis	     
 1 interdigital	interdigital	     
 1 Interferon	interferon	     
 1 Interkuspidation	interkuspidation	     
 1 intern	invärtes	     
 1 Internist	internist, invärtesläkare	     
 1 internistische Untersuchung	invärtes undersökning	     
 1 Intimbereich	privatliv	     
 1 Intimbereich	underliv	     
 1 Intimhygiene	intimhygien	     
 1 Intimspray	intimspray	     
 1 Intimverkehr	sexuellt umgänge	     
 1 intraabdominal	intraabdominell	     
 1 intradermal	intradermal	     
 1 intraokulär	intraokulär	     
 1 intraperitoneal	intraperitoneal	     
 1 intravenös	intravenös	     
 1 intrezerebral	intracerebral	     
 1 Intubierung	intubation	     
 1 Inulin	inulin	     
 1 In Utero	in utero	     
 1 Invalide	invalid	     
 1 Invalidität	invaliditet	     
 1 invasiv	invasiv	     
 1 In-Vitro-Test	in vitro-test	     
 1 In-Vivo-Test	in vitro-test	     
 1 Irrenhaus	dårhus	     
 1 irre	sinnessjuk	     
 1 Irrglaube	vanföreställning	     
 1 Irrsinn	sinnesrubbning, vansinne	     
 1 Ischias	ischias	     
 1 jähzornig	argsint	     
 1 Jähzorn	vrede, ilska	     
 1 Jenseits	livet efter döden	     
 1 Jochbein	kindknota	     
 1 Jochbein	okben	     
 1 Juckreiz	klåda, eksem	     
 1 Juveniler Morbus Scheuermann	Scheuermanns sjukdom	     
 1 Kahlkopf	flint	     
 1 kahl	skallig	     
 1 Kamille	kamomill	     
 1 Kamillentee	kamomillte	     
 1 Kammerscheidewand	kammarskiljevägg	     
 1 Kampfer	kamfer	     
 1 Kanüle	kanyl	     
 1 Kapillargefäß	kapillärkärl	     
 1 Kapuzenmuskel	kappmuskel	     
 1 Kardiogramm	kardiogram	     
 1 Kardiologie	kardiologi	     
 1 Karies	karies	     
 1 kariös	kariös	     
 1 karzinogen	karcinogen	     
 1 Kassenpatient	person som är medlem i allmän sjukkassa	     
 1 Kasse	sjukkassa	     
 1 Katarr	katarr	     
 1 Katheter	kateter	     
 1 kauen	tugga	     
 1 Kaufläche	tuggyta	     
 1 Kaufzwang	köptvång	     
 1 Kaumuskel	tuggmuskel	     
 1 Kauwerkzeuge	tuggapparat	     
 1 Kauwiderstand	tuggmotstånd	     
 1 K&B Komposit	Super-Bond C&B; C&B-Metabond	     
 1 Kehldeckel	struplock	     
 1 Kehle	strupe	     
 1 Kehlkopfentzündung	struphuvudsinflammation	     
 1 Kehlkopfkrebs	strupcancer	     
 1 Kehlkopf	struphuvud	     
 1 Keimdrüse	könskörtel	     
 1 Keime	baciller	     
 1 keimfrei	steril	     
 1 keimtötend	antiseptisk	     
 1 kerngesund	frisk som en nötkärna	     
 1 Kerntemperatur	kärntemperatur	     
 1 Keuchen	flämtande	     
 1 Keuchhusten	kikhosta	     
 1 Kieferhöhle	käkhåla	     
 1 Kindbettfieber	barnsängsfeber	     
 1 Kinderarzt	barnläkare	     
 1 Kinderchirurgie	barnkirurgi	     
 1 Kinderkrankheit	barnsjukdom	     
 1 Kinderlähmung	barnförlamning	     
 1 kinderlos	barnlös	     
 1 Kinderlosigkeit	barnlöshet	     
 1 Kinderpflege	barnvård	     
 2 kinderreich	barnrik	     
 1 Kinderschwester	barnsjuksköterska	     
 1 Kindersterblichkeit	barnadödlighet	     
 1 Kindesmissbrauch	övergrepp mot barn	     
 1 Kindesmisshandlung	barnmisshandel	     
 1 kindgemäß	barnanpassad	     
 1 Kindheit	barndom	     
 1 Kinnbacke	käkben, käke	     
 1 Kinn	haka	     
 1 Kinnlade	underkäke	     
 1 Kitzler	clitoris	     
 1 Klapsmühle	dårhus	     
 1 Klaustrophobie	klaustrofobi	     
 1 kleiner Rundmuskel	musculus teres minor	     
 1 Kleinhirn	lillhjärnan	     
 1 Kleptomane	kleptoman	     
 1 Kleptomanie	kleptomani	     
 1 Klimakterium	klimakterium	     
 1 Klinik	klinik	     
 1 klinische Verfassung	kliniskt tillstånd	     
 1 Klumpfuß	klumpfot	     
 1 Knieachse	knäaxel	     
 1 Kniegelenk	knäled	     
 1 Kniekehle	knäveck	     
 1 Knie	knä	     
 1 Kniescheibe	knäskål	     
 1 Kniestulpe	knämanschett	     
 1 Knöchel	fotknöl, knä, knoge	     
 1 Knochenbau	benbyggnad	     
 1 Knochen	ben	     
 1 Knochenbildung	benbildning	     
 1 Knochenbruch	fraktur, benbrott	     
 1 Knochenfraß	benröta	     
 1 Knochengerüst	benstomme, skelett	     
 1 Knochenhaut	benhinna	     
 1 Knochenkrebs	skelettcancer	     
 1 Knochenmark	benmärg	     
 1 Knochensplitter	benflisa	     
 1 Knorpel	brosk	     
 1 knorplig	broskartad	     
 1 Knorrenmuskel	armbågssträckare	     
 1 Knoten	knuta	     
 1 koagulieren	koagulera	     
 1 Kohlenmonoxydvergiftung	koloxidförgiftning	     
 1 kohlensaurer Algenkalk	kolsyrad algkalk	     
 1 Koitus	samlag	     
 1 Kolik	kolik	     
 1 Koma	koma	     
 1 Komplementsystem	komplementsystem	     
 1 Komplex	komplex	     
 1 Komplikation	komplikation	     
 1 Kompresse	kompress	     
 1 Koncha	öronmussla	     
 1 Kondom	kondom	     
 1 Kondylom	kondylom	     
 1 kongenital	medfött	     
 1 Konjunktivitis	bindhinnekatarr	     
 1 Konstitution	kroppsbyggnad	     
 1 Kontraindikation	kontraindikation	     
 1 Kontrastmittel	kontrastmedel	     
 1 Kopfnicker	stor nickmuskel	     
 1 Kopfschmerzen	huvudvärk	     
 1 Körperbehaarung	kroppshår	     
 1 körperbehindert	handikappad	     
 1 Körperbeschaffenheit	kroppskonstitution	     
 1 Körperflüssigkeiten	kroppsvätskor	     
 1 Körperfülle	korpulens, fetma	     
 1 Körpergewicht	kroppsvikt	     
 1 Körpergröße	kroppsstorlek	     
 1 Körperhaltung	kroppsställning	     
 1 Körperkraft	kroppsstyrka	     
 1 Körper	kropp	     
 1 körperlich	kroppslig	     
 1 körperlos	okroppslig	     
 1 Körpermaße	kroppsmått	     
 1 Körperpflege	kroppsvård	     
 1 Körperteil	kroppsdel	     
 1 Körperverletzung	kroppsskada	     
 1 Körperwärme	kroppsvärme	     
 1 korpulent	fetlagd	     
 1 Korpulenz	fetma	     
 1 kosmetischer Farbstoff	kosmetiskt färgämne	     
 1 kotzen	spy	     
 1 kotzübel	mycket illamående	     
 1 Kräfteverfall	avtagande fysisk förmåga	     
 1 kräftigend	uppfriskande	     
 1 Kräftigungsmittel	stärkande medel	     
 1 Krähenfüße	rynkor vid ögonen	     
 1 Krampfadern	åderbrock	     
 1 Krampfanfall	krampanfall	     
 1 Krankenblatt	patientjournal	     
 1 Krankenpflege	sjukvård	     
 1 Krankenschein	sjukintyg	     
 1 Krankheitserreger	sjukdomsalstrare	     
 1 Krankheitserreger	smittämnen	     
 1 Krankheit	sjukdom	     
 1 krank schreiben	sjukskriva	     
 1 krebsartig	cancerös	     
 1 Krebs	cancer	     
 1 krebserregend	cancerframkallande, cancerogen	     
 1 krebserzeugend	cancerframkallande	     
 1 Krebsforschung	cancerforskning	     
 1 Krebsfrüherkennung	tidig upptäckt av cancer	     
 1 Krebsgeschwulst	cancertumör	     
 1 Krebshilfe	cancerfond	     
 1 Krebsknoten	cancerknöl	     
 1 Krebskranker	cancersjuk	     
 1 Krebszelle	cancercell	     
 1 Kreislauf	cirkulation, blodomlopp	     
 1 Kreislaufschock	cirkulationschock	     
 1 Kreislaufschwäche	cirkulationsrubbning	     
 1 Kreislaufstörungen	cirkulationsrubbning	     
 1 Kreislaufversagen	chock	     
 1 Kreißsaal	förlossningsrum	     
 1 Kreuzbein	korsben	     
 1 Kreuz	korsrygg	     
 1 Kreuzschmerzen	smärtor i korsryggen	     
 1 Kriegsinvalide	krigsinvalid	     
 1 Kriegsverletzung	krigsskador	     
 1 Kriegsversehrter	krigsinvalid	     
 1 Krüppel	invalid	     
 1 Kubitalvene	armbågsven	     
 1 kühlend	kylande	     
 1 Kulminationspunkt	akme	     
 1 künstliche Beatmung	konstgjord andning	     
 1 Kürette	skrapa	     
 1 kurzatmig	andfådd	     
 1 kurzer Hohlhandmuskel	kort handflatemuskel	     
 1 Kurzschlusshandlung	kortslutningshandling	     
 1 kurzsichtig	närsynt	     
 1 Kurzzeitgedächtnis	korttidsminne	     
 1 Küvette	kuvette	     
 1 Kyphose	kyfos	     
 1 Labilität	labilitet	     
 1 labil	labil	     
 1 Lachgas	lustgas	     
 1 Lähmung	förlamning	     
 1 Landarzt	(allmänpraktiserande) läkare på landsbygden	     
 1 langer Hohlhandmuskel	handflatans långa muskel	     
 1 langer Zehenstrecker	lång tåsträckarmuskel	     
 1 Langzeit-Blutdruckmessung, LZBDM	ambulatorisk blodtrycksmätning, ABTM	     
 1 Langzeitkranker	långtidssjuk	     
 1 Langzeitversorgung	långtidsterapi	     
 1 lateral Gonarthrose	lateral gonartros	     
 1 lateral	lateral	     
 1 Lebensangst	livsångest	     
 1 lebensbedrohlich	livshotande	     
 1 lebenserhaltendes Gerät	livsuppehållande utrustning	     
 1 Lebenserhaltungsgerät	livsuppehållande utrustning	     
 1 Lebenserwartung	medellivslängd	     
 1 Lebensmittelvergiftung	matförgiftning	     
 1 lebensmüde	suicidbenägen, trött på livet	     
 1 Leberatrophie	leveratrofi, leverförtvining	     
 1 Leberfleck	leverfläck	     
 1 Leberinsuffizienz	leverinsufficiens	     
 1 Leberkoma	leverkoma	     
 1 Leberkrebs	levercancer	     
 1 Leber	lever	     
 1 Lebervene	leverven	     
 1 Leberzirrhose	levercirros	     
 1 Lederhaut	läderhud	     
 1 Leibgürtel	maggördel	     
 1 Leib	liv, mage	     
 1 Leiche	lik	     
 1 leicht verwundet	lätt sårad	     
 1 Leistenbeuge	ljumske	     
 1 Leistenbruch	ljumskbråck	     
 1 Leistengegend	ljumske	     
 1 Leistungsschwäche	försämrad prestationsförmåga	     
 1 Lendenwirbel	korsrygg	     
 1 Lendenwirbel	ländkota	     
 1 Lendenwirbelsäule, LWS	ländryggrad	     
 1 Lesebrille	läsglasögon	     
 1 Leukozyten	vita blodkroppar	     
 1 Lichtallergie	ljusallergi	     
 1 Lichtbehandlung	ljusbehandling	     
 1 Lichttherapiegerät	ljusterapiapparat	     
 1 Lichttherapie	ljusterapi	     
 1 Lidschlussreflex	ögonlocksreflex	     
 1 lindernd	lugnande	     
 1 linke gemeinsame Halsschlagader	vänster huvudartär	     
 1 linke Herzkranzarterie	vänster kransartär	     
 1 linker Kammer	vänster kammare	     
 1 linker Vorhof	vänster förmak	     
 1 linke Schlüssenbeinschlagader	vänster nyckelbensartär	     
 1 linkes Herzrohr	vänster hjärtöra	     
 1 linke Vorkammer, LV	vänster förmak	     
 1 Lipoprotein	lipoprotein	     
 1 Lipotrophie	lipotrofi	     
 1 Lösung	lösning	     
 1 Luftablassgeschwindigkeit	deflationshastighet	     
 1 Luftröhre	luftrör	     
 1 Lumbago	ryggskott	     
 1 Lunge	lunga	     
 1 Lungenarterie	lungartären	     
 1 Lungenarterienstamm	lungvenstam	     
 1 Lungenblähung	lungemfysem	     
 1 Lungenbläschen	alveoler	     
 1 Lungenbläschen	lungblåsor	     
 1 Lungenembolie	lungemboli	     
 1 Lungenemphysem	lungemfysem	     
 1 Lungenentzündung	lunginflammation	     
 1 Lungenerkrankung	lungsjukdom	     
 1 Lungenkrebs	lungcancer	     
 1 Lungenkreislauf	lungkretsloppet	     
 1 Lungenmilzbrand	lungmjältbrand	     
 1 Lungenmittellappen	mellersta lunglob	     
 1 Lungenödem	lungödem	     
 1 Lungenunterlappen	nedre lunglob	     
 1 Lunula	lunula	     
 1 Lykantropie	lykantropi	     
 1 lymphatisches System	lymfatiska systemet	     
 1 Lymphe	lymfa	     
 1 Lymphe	lymfvätska	     
 1 Lymphozyten	lymfocyter	     
 1 Lymphsystem	lymfsystemet	     
 1 Lypemanie	lypemani	     
 1 Magenbeschwerden	magbesvär	     
 1 Magenblutung	magblödning	     
 1 Magen-Bypass	mag-bypass	     
 1 Magengeschwür	magsår	     
 1 magenkrank	ha besvär med magen	     
 1 Magenkrebs	magcancer	     
 2 Magen	mage	     
 1 Magen	magsäck	     
 1 Magensäure	magsyra	     
 1 Magenschleimhautentzündung	magkatarr	     
 1 Magenschleimhaut	magslemhinna	     
 1 Magenschmerzen	magont	     
 1 Magenverstimmung	matsmältningsbesvär	     
 1 Magersucht	anorexi	     
 1 Malaria	malaria	     
 1 maligne	malign	     
 1 malignes Melanom	malignt melanom	     
 1 Mammographie	mammografi	     
 1 Mandelentzündungen	halsfluss	     
 1 Mandeloperation	operativ borttagning av halsmandlarna	     
 1 Mangelerscheinung	bristsymptom	     
 1 Mangelkrankheit	bristsjukdom	     
 1 manisch-depressiv	manodepressiv	     
 1 manisch	manisk	     
 1 Männlichkeit	mandom	     
 1 Manschette	manschett	     
 1 Manschettendruck	manschettryck	     
 1 Masern	mässling	     
 1 Masochismus	masochism	     
 1 masochistisch	masochistisk	     
 1 Masochist	masochist	     
 1 Massenpsychose	masspsykos	     
 1 medial Gonarthrose	medial gonartros	     
 1 medial	medial	     
 1 Medizinprodukt	medicinprodukt	     
 1 Megalomanie	megalomani	     
 1 Meningitis	meningit	     
 1 Meniskektomie	meniskektomi	     
 1 Meniskus	menisk	     
 1 Menstruation	menstruation, mens	     
 1 Menstruationsbeschwerden	menstruationsbesvär	     
 1 Menthol	mentol	     
 1 Methämoglobinämie	methemoglobinemi	     
 1 MIC	minimalinvasiv kirurgi	     
 1 Mikrobiologie	mikrobiologi	     
 1 Mikroinstrument	mikroinstrument	     
 1 Milz	mjälte	     
 1 minimal-invasive Chirurgie	minimalinvasiv kirurgi	     
 1 Miosis	mios	     
 1 Miosis	pupillförminskning	     
 1 Missbrauch	missbruk	     
 1 Missgeburt	missfoster	     
 1 Mittelfußknochen	mellanfot	     
 1 Mittelglied	mellanfalang	     
 1 Mittelglied	mellersta fingerben, mellanfalang	     
 1 Mittelhandknochen	mellanhand	     
 1 Mobilität	rörlighet	     
 1 Mongolenfleck	mongolfläck	     
 1 Monomer	monomer	     
 1 Morphium	morfin	     
 1 Müdigkeit	trötthet	     
 1 Mumps	påssjuka	     
 1 Mundgeruch	dålig andedräkt	     
 1 Mundhöhle	munhåla	     
 1 Mund	mun	     
 1 Mundraum	munhåla	     
 1 Mundspiegel	munspegel	     
 1 Mundwasser	munvatten	     
 1 Mundwinkel	mungipa	     
 1 Muskelabbau	muskelminskning	     
 1 Muskelaufbau	muskelökning	     
 1 Muskelkater	träningsvärk	     
 1 Muskelkrampf	muskelkramp	     
 1 Muskel	muskel	     
 1 Muskelzerrung	muskelsträckning	     
 1 muskuläres Ungleichgewicht	muskulär obalans	     
 1 Muskulatur	muskulatur	     
 1 Mutterkuchen	moderkaka	     
 1 Mutterleib	moderliv	     
 1 mütterlicherseits	på mödernet	     
 1 Muttermal	födelsemärke	     
 1 Muttermilch	modersmjölk	     
 1 Muttermund	livmodermun	     
 1 Mutterschaftsurlaub	mammaledighet	     
 1 Mykoseprophylaxe	svampprofylax	     
 1 Nabel	navel	     
 1 Nabelschnur	navelsträng	     
 1 Nachbehandlung	eftervård	     
 1 Nachgeburt	efterbörd	     
 1 Nachkommenschaft	avkomma	     
 1 Nachkömmling	sladdbarn	     
 1 Nachsorge	eftervård	     
 1 nachtblind	nattblind	     
 1 nachtwandeln	gå i sömnen	     
 1 Nachtwandler	sömngångare	     
 1 Nacken	nacke	     
 1 Nackenwirbel	halskota	     
 1 Nagelfalz	nagelfals	     
 1 Nagelhaut	nagelband	     
 1 Nagelkörper	hornplatta	     
 1 Nagelmöndchen	lunula, måne	     
 1 Nagelpflege	nagelvård	     
 1 Nagelpilz	nagelsvamp	     
 1 Nagelwurzel	nagelrot	     
 1 Nahrung	näring	     
 1 Nahrungsaufnahme	näringsupptagning	     
 1 Naht	sutur	     
 1 Narbe	ärr	     
 1 narbig	ärrig	     
 1 Narkosearzt	narkosläkare	     
 1 Narkose	narkos	     
 1 Narkoseschwester	narkossköterska	     
 1 Narkotikum	narkosmedel	     
 1 narkotische Wirkung	narkotisk effekt	     
 1 Narzissmus	narcissism	     
 1 näseln	tala genom näsan	     
 1 Nase	näsa	     
 1 Nasenbein	näsben	     
 1 Nasenbluten	näsblod	     
 1 Nasenflügel	näsvinge	     
 1 Nasenhöhle	näshåla	     
 1 Nasenloch	näsborre	     
 1 Nasennebenhöhle	bihåla	     
 1 Nasenrachenraum	nasopharynx	     
 1 Nasenraum	näshåla	     
 1 Nasenrücken	näsrygg	     
 1 Nasenscheidewandknorpel	näsbrosk	     
 1 Nasenspitze	nästipp	     
 1 Nasentamponade	nästamponad	     
 1 Nasenwurzel	näsrot	     
 1 nässen	vätska sig	     
 1 Naturheilkunde	naturmedicin	     
 1 Naturheilkundiger	naturläkare	     
 1 Naturheilkundler	naturläkare	     
 1 Naturheilmittel	naturmedel	     
 1 Nebenhöhlenentzündung	bihåleinflammation	     
 1 Nebenniere	binjure	     
 1 Nebenniereninsuffizienz	binjureinsufficiens	     
 1 Nebenwirkungen	biverkningar	     
 1 Neigungen	böjelser	     
 1 Nephritis	njurinflammation	     
 1 Nephrologie	nefrologi	     
 1 Nervenarzt	nervläkare	     
 1 Nervenhörner	nervhorn	     
 1 Nervenkrankheit	nervsjukdom	     
 1 nervenkrank	nervsjuk	     
 1 Nervenleiden	nervsjukdom	     
 1 Nervensystem	nervsystem	     
 2 Nervenzusammenbruch	nervsammanbrott	     
 1 Nerv	nerv	     
 1 Nesselfieber	nässelfeber	     
 1 Netzhautdurchblutungsstörung	rubbningar i blodcirkulationen i näthinnan	     
 1 Netzhautgefäße	näthinnekärl	     
 1 Netzhaut	näthinna	     
 1 Neuralgie	neuralgi	     
 1 Neurologe	neurolog	     
 1 neurologische Defizite	neurologiska bortfall	     
 1 Neurose	neuros	     
 1 Neurotiker	neurotiker	     
 1 neutroisch	nevrotisk	     
 1 nicht-invasiv	icke-invasiv	     
 1 Nierenagenesie	njuragenesi	     
 1 Nierenbeckenentzündung	njurbäckeninflammation	     
 1 Nierenentzündung	njurinflammation	     
 1 Nierenexstirpation	nefrektomi	     
 1 Nierenhyperplasie	njurhyperplasi	     
 1 Nierenhypoplasie	njurhypoplasi	     
 1 Niereninsuffizienz	njurinsufficiens	     
 1 Niere	njure	     
 1 Nierenkrankheit	njursjukdom	     
 1 Nierenleiden	njursjukdom	     
 1 Nierenschale	njurskål	     
 1 Nierenstein	njursten	     
 1 Nierentransplantation	njurtransplantation	     
 1 Nikotinvergiftung	nikotinförgiftning	     
 2 Notarzt	jourläkare	     
 1 Notaufnahme	akutmottagning	     
 1 Notfallrettungsdienst	räddningstjänst	     
 1 Nymphomanie	nymfomani	     
 1 Nystagmus	nystagmus	     
 1 Nystagmus	ögondarrning	     
 1 Obduktion	obduktion	     
 1 obduzieren	obducera	     
 1 O-Beine	hjulbent	     
 1 O-beinig	hjulbent	     
 1 Oberarmknochen	överarmsben	     
 1 Oberarm	överarm	     
 1 Oberarmsspeichenmuskel	arm-strålbensmuskel	     
 1 Oberbiss	överbett	     
 1 obere Atemwege	övre luftvägarna	     
 1 obere Gekröseschlagader	övre tarmkäxartär	     
 1 obere Hohlvene	övre hålvenen	     
 1 oberer Atemtrakt	övre luftvägarna	     
 1 Oberhaut	överhud	     
 1 Oberkiefer	överkäksben	     
 1 Oberlied	övre ögonlock	     
 1 Oberlippe	överläpp	     
 1 Oberschenkelgurt	lårbensband	     
 1 Oberschenkelknochen	lårben	     
 1 Oberschenkel	lårben	     
 1 Oberschenkel	lår	     
 1 Odontalgie	odontalgi	     
 1 Odontologie	odontologi	     
 1 Odontophobie	odontofobi	     
 1 ohnmächtig	avsvimmad	     
 1 Ohrenausfluss	öronflytningar	     
 1 Ohrenentzündung	öroninflammation	     
 1 Ohrengeräusche	öronsus	     
 1 Ohrensausen	susningar i öronen	     
 1 Ohrenschmalz	öronvax	     
 1 Ohrenschmerzen	ont i öronen	     
 1 Ohrkrempe	helix	     
 1 Ohrläppchen	örsnibb	     
 1 Ohr	öra	     
 1 Okklusivverband	ocklusivförband	     
 1 Olekranon	armbågsutskott	     
 2 Onkologie	onkologi	     
 1 Operation	operation	     
 1 operationspflichtig	operationskrävande	     
 1 Operationssaal	operationssal	     
 1 Operationsschwester	operationssköterska	     
 1 Operationstisch	operationsbord	     
 1 Optiker	optiker	     
 1 ordinieren	ordinera	     
 1 Organempfänger	organmottagare	     
 1 Organspender	organdonator	     
 1 Organverpflanzung	organtransplantation	     
 1 Orgasmus	orgasm	     
 1 Orthesentasche	ortopedisk protesficka	     
 1 Orthese	ortopedisk protes	     
 1 Orthese	ortos	     
 1 Orthonyxie	nagelkorrigering	     
 1 Orthopädiemechaniker	ortopedmekaniker	     
 1 Orthopädie	ortopedi	     
 1 Orthopädietechniker	ortopedtekniker	     
 1 örtliche Betäubung	lokalbedövning	     
 1 ösophageal	esofageal	     
 1 Osteoporose	osteoporos	     
 1 Pädiatrie	pediatrik	     
 1 Papillarmuskeln	papillarmuskler	     
 1 Parästhesie	parestesi	     
 1 parietale Pleura	yttre lungsäcksblad	     
 1 Patella	knäskål	     
 1 Pathologie	patologi	     
 1 Patienteninformationen	patientinformation	     
 1 Patient	patient	     
 1 Pendelniere	vandrande njure	     
 1 perakut	perakut	     
 1 Periode	menstruation	     
 1 perioral	perioral	     
 1 Peritonealdialyse PD	peritonealdialys PD	     
 1 Peritonsillitis	halsböld	     
 1 Peroxydpulver	peroxidpulver	     
 1 Petrischale	petriskål	     
 1 pflanzlich	vegetabilisk, växt-	     
 1 Pflaster	plåster	     
 1 Pflegeöl	skötselolja	     
 1 Pharmakologie	farmakologi	     
 1 Philtrum	näsfåra	     
 1 Physiotherapie	fysioterapi	     
 1 Pigmentmal	leverfläck	     
 1 Plantarflexion	plantarflexion	     
 1 plastische Chirurgie	plastikkirurgi	     
 1 Platzwunde	gapande sår	     
 1 Pleurahöhle	pleurahåla	     
 1 plötzlicher Kindstod, SIDS	plötslig spädbarnsdöd	     
 1 Pneumologie	pneumologi	     
 1 Pockenimpfung	smittkoppsvaccinering	     
 1 Pocken	smittkoppor	     
 1 Pofalte	stjärtveck	     
 1 Pognophobie	pognofobi	     
 1 Polimyelitis	barnförlamning	     
 1 Polio	polio	     
 1 polymerisieren	polymerisera	     
 1 polymorphe Lichtdermatose, PLD	soleksem	     
 1 Potomanie	potomani	     
 1 Prävention	prevention	     
 1 Praxisgebühr	praktikavgift	     
 1 Prellungen	kontusioner	     
 1 Primärbehältnis	primärbehållare	     
 1 Prophylaxe	profylax	     
 1 Propolis	propolis	     
 1 Prothese ausbetten	urbädda protes (ta ur protes)	     
 1 Prothese einbetten	inbädda protes (lägga in protes)	     
 1 Prothese	protes	     
 1 Psellismus	psellism	     
 1 Psychose	psykos	     
 1 Psychotherapie	psykoterapi	     
 1 Puder	puder	     
 1 Puerpuralpsychose	amniningspsykos	     
 1 Pulmonalklappe	pulmonalklaff	     
 1 Pulsmessung	pulsmätning	     
 1 Pulswelle	pulsvåg	     
 1 Pulver	pulver	     
 1 Pumpball	gummiblåsa	     
 1 Punktion	punktion, punktering	     
 1 Pupille	pupill	     
 1 purulent	varig	     
 1 Pyromanie	pyromani	     
 1 Quacksalberei	kvacksalveri	     
 1 Quacksalber	kvacksalvare	     
 1 Quecksilbervergiftung	kvicksilverförgiftning	     
 1 Querschnittslähmung	paraplegi, dubbelsidig förlamning	     
 1 Quetschungen	klämskador	     
 1 Quick-Wert	quick-värde	     
 1 Rachen	svalg	     
 1 Rachitis	engelska sjukan, rakitis	     
 1 Raucherhusten	rökhosta	     
 1 reaktivieren	reaktivera	     
 1 rechte Herzkranzarterie	höger kransartär	     
 1 rechte Kammer	höger kammare	     
 1 rechter Vorhof	höger förmak	     
 1 rechtes Herzohr	höger hjärtöra	     
 1 rechte Vorkammer, RV	höger förmak	     
 1 Rechtsmedicin	rättsmedicin	     
 1 Reflexbewegung	reflexrörelse	     
 1 Regeltempoanomalien	menstruella anomalier; menstruella störningar	     
 1 Regenbogenhaut	regnbågshinna	     
 1 Rehabilitation	rehabilitering	     
 1 reinigend	rengörande	     
 1 Reizung	retning	     
 1 Rettungswagen	ambulans	     
 1 rezeptfrei	receptfri	     
 1 rezeptpflichtig	receptbelagd	     
 1 Rezidiv	recidiv	     
 1 Rhagaden	ragader	     
 1 Rhesusfaktor	rhesusfaktor, rh-faktor	     
 1 Rheuma	reumatism	     
 1 Rheumatologie	reumatologi	     
 1 Rhinitis	snuva	     
 1 Riemenmuskel	remmuskel	     
 1 Ringelröteln	femte sjukan	     
 1 Ringknorpel	sköldbrosk	     
 1 Rippenfellentzündung	lungsäcksinflammation	     
 1 Risikogruppe	riskgrupp	     
 1 röcheln	rossla	     
 1 Rohköstler	råkostätare	     
 1 Rosskur	hästkur	     
 1 Rotatorenmanschette	rotatorkuff	     
 1 rotäugig	rödögd	     
 1 Röteln	röda hund	     
 1 Rückenmark	ryggmärg	     
 1 Rückenpelotte	ryggpelott, ryggradspelott	     
 1 Rücken	rygg	     
 1 Rückenschiene	ryggskena	     
 1 Rückenschmerzen	ryggont	     
 1 Rückenschmerz	ryggvärk	     
 2 Rückenwirbel	ryggkota	     
 2 Rückfall	återfall	     
 1 Rückfall	recidiv	     
 1 rückverlagertes Schlafphasensyndrom	försenat sömnfassyndrom	     
 1 ruhebedürftig	i behov av vila	     
 1 Ruhepuls	vilopuls	     
 1 ruhigstellen	stadga	     
 1 Rumpf	bål	     
 1 Rumpfmuskulatur	bålens muskulatur	     
 1 runder Einwärtsdreher	rund pronator	     
 1 Rundrückenbildung	bildande av kutrygg	     
 1 Rundrücken	kutrygg	     
 1 Runzel	skrynkla, rynka	     
 1 Salbe	salva	     
 1 Salzstauungssyndrom	symptom på dehydrering	     
 1 Samenbläschen	sädesblåsa	     
 1 Samenleiter	sädesledare	     
 1 Samenspender	spermadonator	     
 1 Samen	sperma	     
 1 Samenstrange	sädessträng	     
 1 Sanitätsflugzeug	ambulansflygplan	     
 1 Sarkom	sarkom	     
 1 SARS	SARS	     
 1 Sauerstoffentsättigung	desaturation	     
 1 Sauerstoffmangel	syrebrist	     
 1 Sauerstoffsättigung	oxygenmättnad	     
 1 Sauerstoffsättigung	saturation	     
 1 Sauerstoffsättigung	syrgasmättnad	     
 1 Sauerstoff	syre	     
 1 Säuglingsalter	spädbarnsålder	     
 1 Säuglingsnahrung	barnmat	     
 1 Säugling	spädbarn	     
 1 Säuglingspflege	spädbarnsvård	     
 1 Säuglingsschwester	barnsköterska	     
 1 Säuglingssterblichkeit	spädbarnsdödlighet	     
 1 Schädelbruch	skallfraktur	     
 1 Schädeldecke	skalltak	     
 1 Schädel	skalle, kranium	     
 1 Schafhaut	amnion	     
 1 Schambein	blygdben	     
 1 Schamlippen	blygdläppar	     
 1 Scheidewand	skiljevägg	     
 1 Scheitelbein	hjässben	     
 1 Scheitel	hjässa	     
 1 Schenkelbruch	lårbensbrott	     
 1 Schenkelhals	lårbenshals	     
 1 Schenkel	lår; skänkel	     
 1 Schenkelmuskel	lårmuskel	     
 1 Scheuerdesinfektion	intensivdesinfektion	     
 1 schielen	skela	     
 1 Schienbeinmuskel	skenbensmuskel	     
 1 Schienbein	skenben	     
 1 Schilddrüse	sköldkörtel	     
 1 Schläfe	tinning	     
 1 Schlafkrankheit	sömnsjuka	     
 1 Schlaflosigkeit	sömnlöshet	     
 1 schlaflos	sömnlös	     
 1 Schlafmittel	sömnmedel	     
 1 schläfrig	sömnig	     
 1 Schlaf	sömn	     
 1 Schlafstörungen	sömnlöshet, insomnia, asomnia	     
 1 Schlaftablette	sömnpiller, sömntablett	     
 1 schlaftrunken	yrvaken, sömndrucken	     
 1 schlafwandeln	gå i sömnen	     
 1 Schlafwandler	sömngångare	     
 1 Schlagader	pulsåder	     
 1 Schlaganfall	slaganfall	     
 1 Schlag	slag	     
 1 Schlangenbiss	ormbett	     
 1 Schleimbeutelentzündung	bursit	     
 1 Schleimbeutelentzündung	slemsäcksinflammation	     
 1 Schleimbeutel	slemsäck	     
 1 Schleimhaut	slemhinna	     
 1 Schleim	slem	     
 1 Schließmuskel	slutmuskel	     
 1 Schlussbissstellung	interkuspidation	     
 1 Schlüsselbein	nyckelben	     
 1 Schmerzempfinden	smärtförnimmelse	     
 1 Schmerzen	smärtor	     
 1 Schnecke	öronsnäcka	     
 1 Schneidermuskel	skräddarmuskel	     
 1 Schnittwunde	skärsår	     
 1 Schnupfen	snuva	     
 1 Schock	chock	     
 1 Schocktherapie	chockbehandling	     
 1 Schollenmuskel	flundraliknande muskel	     
 1 Schönheitsfarm	skönhetsinstitut	     
 1 Schönheitsoperation	skönhetsoperation	     
 1 Schonkost	diet, skonkost	     
 1 schonungsbedürftig	i behov av vila	     
 1 schrammen	repa	     
 1 Schramme	skråma	     
 1 Schrittmacher	pacemaker	     
 1 Schrumpfleber	skrumplever, levercirros	     
 1 Schrumpfniere	skrumpnjure	     
 1 Schublade	draglåda	     
 1 Schulmedizin	skolmedizin	     
 1 Schulter	axel	     
 1 Schulterblatt	skulderblad	     
 1 Schulter	skuldra	     
 1 Schürfwunde	skrubbsår	     
 1 Schussverletzung	skottskada	     
 1 Schusswunde	skottsår	     
 1 Schüttelfrost	frossa	     
 1 Schwächeanfall	plötsligt könna sig svag	     
 1 Schwachsinn	begåvningshandikapp, förståndshandikapp	     
 1 schwachsinnig	förståndshandikappad	     
 1 Schwangere	havande kvinna	     
 1 schwanger	gravid	     
 1 schwängern	göra gravid	     
 1 Schwangerschaft	graviditet	     
 1 Schwangerschaftsabbruch	abort	     
 1 Schwangerschaftstest	graviditetstest	     
 1 Schwangerschaftsunterbrechung	framkallad abort, framkallat missfall	     
 1 Schwangerschaftsurlaub	graviditetsledighet	     
 1 schwarzer Star	svart starr	     
 1 Schwarzwucherhaut	svartpigmenterad hudförändring	     
 1 Schweigepflicht	tystnadsplikt	     
 1 Schweißausbruch	plötsligt börja svettas	     
 1 Schweißdrüse	svettkörtel	     
 1 Schwellenangst	rädsla för att gå in i byggnader	     
 1 Schwellung	svullnad	     
 1 Schwerbehinderter	svårt handikappad	     
 1 schwere akute Atemwegssyndrom (SARS)	SARS	     
 1 Schwerhörigkeit	nedsatt hörsel	     
 1 schwerhörig	lomhörd	     
 1 schwermütig	melankolisk, tungsint	     
 1 Schwermut	melankoli, tungsinne	     
 1 schwer verwundet	svårt sårad	     
 1 Schwielen	hudvalkar	     
 1 schwindelfrei	inte besväras av yrsel	     
 1 Schwindelgefühl	svindel	     
 1 Schwindel	svindel, yrsel	     
 1 schwindlig	yr	     
 1 Schwitzbad	ångbad, svettdrivande bad	     
 1 schwitzen	svettas	     
 1 Schwitzen	svettning	     
 1 Schwitzkur	svettkur	     
 1 schwummrig	yr, illamående	     
 1 Schwund	förtvining	     
 1 Seekrankheit	sjösjuka	     
 1 seekrank	sjösjuk	     
 1 Seelenfriede	sinnesfrid	     
 1 Seelenleben	själsliv	     
 1 Seelenwanderung	själavandring	     
 1 Seelenzustand	själstillstånd	     
 1 Seele	själ	     
 1 seelische Belastung	psykisk påfrestning	     
 1 seelisch	själslig, psykisk	     
 1 Seelsorger	själasörjare	     
 1 Seelsorge	själavård	     
 1 Sehbehinderter	synskadad	     
 1 Sehbehindert	synskadad	     
 1 Sehfeler	synfel	     
 1 Sehkraft	synförmåga	     
 1 Sehnenansatz	senfäste	     
 1 Sehnenscheidenentzündung	senskideinflammation	     
 1 Sehnenscheidenentzündung	tendovaginit	     
 1 Sehnenzerrung	sensträckning	     
 1 Sehnervkreuzung	synnervskorsning	     
 1 Sehnerv	synnerv	     
 1 Sehne	sena	     
 1 Sehschärfe	synskärpa	     
 1 Sehschwäche	nedsatt syn	     
 1 Sehstörung	synrubbning	     
 1 Sehtest	syntest	     
 1 Sehvermögen	syn	     
 1 seine Gesundheit vernachlässigen	missköta sin hälsa	     
 1 Seitenstechen	håll i sidan	     
 1 Sekret	sekret	     
 1 Sekretstau	kraftig slembildning	     
 1 Sekundenschlaf	sekundsömn	     
 1 Selbstbefriedigung	onani	     
 1 Selbstmordgefährdet	person som riskerar att begå självmord	     
 1 Selbstmord	självmord	     
 1 Selbstvertrauen	självförtroende	     
 1 sensibel	sensibel, känslig	     
 1 Sensibilität	sensibilitet	     
 1 Sentimentalität	sentimentalitet	     
 1 sentimental	sentimental	     
 1 Septum	septum	     
 1 Serum	serum	     
 1 Seuche	epidemi	     
 1 Seuchenbekämpfung	bekämpning av epidemi	     
 1 Seuchengefahr	risk för epidemi	     
 1 Sexappeal	sexuell dragningskraft	     
 1 Sexualerziehung	sexualundervisning	     
 1 Sexualität	sexualitet	     
 1 Sexualkunde	sexualkunskap	     
 1 Sexualleben	sexualliv	     
 1 sezieren	dissekera	     
 1 siamesische Zwillinge	siamesiska tvillingar	     
 1 sich ärztlich untersuchen lassen	låta läkarundersöka sig	     
 1 sich einen Muskel verzerren	sträcka en muskel	     
 1 sich verbrennen	bränna sig	     
 1 sich verbrühen	skålla sig	     
 1 sich verheben	förlyfta sig	     
 1 sich verschlucken	sätta något i halsen	     
 1 Siebenmonatskind	barn fött i sjunde månaden	     
 1 Sie ist in anderen Umständen	Hon väntar barn	     
 1 Silikos	silikos	     
 1 Sinnesart	sinnelag	     
 1 Sinneseindruck	sinnesintryck	     
 1 Sinnesorgan	sinnesorgan	     
 1 Sinnestäuschung	sinnesvilla	     
 1 Sinusitis	bihåleinflammation	     
 1 Sitiomanie	sitiomani	     
 1 Sitophobie	sitofobi	     
 1 Sitzbein	sittben	     
 1 Skalpell	skalpell	     
 1 Skelettmuskulatur	skelettmuskulatur	     
 1 Sklera	senhinna	     
 1 Sklerose	skleros	     
 1 Skorbut	skörbjugg	     
 1 Skotophobie	skotofobi, aklyofobi	     
 1 Skotophobie	skotofobi	     
 1 Sodbrennen	halsbränna	     
 1 Soforthilfe	akuthjälp	     
 1 Sofortmaßnahme	omedelbar åtgärd	     
 1 Sohlenspanner	fotsulemuskel	     
 1 Sommersprossen	fräknar	     
 1 Sonnenallergie	soleksem	     
 1 Sonnenbrand	solsveda	     
 1 Sonnenbräune	solbränna	     
 1 Sonnenekzem	soleksem	     
 1 Sonnengeflecht	solar plexus	     
 1 Sonnenöl	sololja	     
 1 Sonnenschutzmittel	solskyddsmedel	     
 1 Sonnenstich	solsting	     
 1 Soziologe	sociolog	     
 1 Soziologie	sociologi	     
 1 soziologisch	sociologisk	     
 1 Spann	vrist	     
 1 Spastiker	spastiker	     
 1 spastisch	spastisk	     
 1 Spatel	spatel	     
 1 Spätentwickler	barn med sen utveckling	     
 1 Spätfolgen	efterverkningar	     
 1 Spätzünder	barn med sen utveckling	     
 1 Speicheldrüse	spottkörtel	     
 1 Speichelfluß	stark spottavsöndring	     
 1 Speichel	saliv	     
 1 Speiche	strålben	     
 1 Speischale	spottkopp	     
 1 Speiseröhre	matstrupe	     
 1 Spezialarzt	specialist	     
 1 Spezialist	specialist	     
 1 spinal	ryggrads...	     
 1 spindeldürr	spinkig	     
 1 splitterfasernackt	spritt språngande naken	     
 1 splitternackt	spritt språngande naken	     
 1 spontanatmend	spontanandande	     
 1 Sporttherapie	sportterapi	     
 1 Sportverletzung	idrottsskada	     
 1 Sprachfehler	talfel	     
 1 sprachlos	mållös	     
 1 Sprechstunde	mottagningstid	     
 1 Sprechstundenhilfe	mottagningssköterska	     
 1 Sprechzimmer	läkarens mottagningsrum	     
 1 Sprechzimmer	mottagningsrum	     
 1 Spreizfuß	spretfot	     
 1 Spritze	spruta	     
 1 Sprungbein	språngben	     
 1 Sprunggelenkorthese	ortos för språngbensleden	     
 1 Sprunggelenk	språngbensled	     
 1 Ständer	stånd	     
 1 staphylokokken-enterokolitis	stafylokockenterokolit	     
 1 Starbrille	starrglasögon	     
 1 Station	avdelning	     
 1 Staublunge	dammlunga	     
 1 Steigbügel	stigbygel	     
 1 Steißbein	svansben	     
 1 sterile Druckluft	steril tryckluft	     
 1 Stickstoff	kväve	     
 1 stillen	amma	     
 1 Stimmbänder	stämband	     
 1 Stirnbein	pannben	     
 1 Stirnhöhle	pannhåla	     
 1 Stirn	panna	     
 1 Stoffwechsel	ämnesomsättning	     
 1 straffend	stramande	     
 1 Streifenlichtprojektion	projektion av strukturerat ljus	     
 1 Striktur	striktur	     
 1 stumm	stum	     
 1 südamerikanische Trypanosomiasis	Chagas' sjukdom	     
 1 Symphyse	blygdbensfog	     
 1 synthesebedingt	beroende på syntesförfarande; syntesberoende	     
 1 Systole	systole	     
 2 systolisch	systolisk	     
 1 Tablettensüchtiger	läkemedelsmissbrukare	     
 1 Tablette	tablett	     
 1 Taille	midja	     
 1 Talgdrüse	talgkörtel	     
 1 Tamponade	tamponad	     
 1 taub	avdomnad	     
 1 taub	döv	     
 1 Taubheit	dövhet	     
 1 Taubheit	känslolöshet i ben eller armar	     
 1 taubstumm	dövstum	     
 1 Taucherkrankheit	dykarsjuka	     
 1 Teerstuhl	melena	     
 1 Teilprothese	partialprotes	     
 1 Tendovaginitis	senskideinflammation	     
 1 teratogen	fosterskadande	     
 1 thorakal	torakal	     
 1 Thorax	bröstkorg	     
 1 Thoraxchirurgie	toraxkirurgi	     
 1 Thrombozytopenie	trombocytopeni	     
 1 Thrombozyt	trombocyt	     
 1 Thymusdrüse	inre bröstkörtel	     
 1 Tibiakopffraktur	tibiakondylfraktur	     
 1 Tibiakopf	tibiakondyl	     
 1 Tinnitus	tinnitus	     
 1 Totalprothese	helprotes	     
 1 Toxikologie	toxikologi	     
 1 Tränendrüse	tårkanal	     
 1 Tränenflüssigkeit	tårar	     
 1 Tränen	tårar	     
 1 Tränenwege	tårkanaler	     
 1 Transfusionsmedizin	transfusionsmedicin	     
 1 Trauma	trauma	     
 1 Trichotillomanie	trikotillomani	     
 1 Trikuspidalklappe	tresegelsklaffen	     
 1 Trikuspidalklappe	trikuspidalklaff	     
 1 Tropophobie	tropofobi	     
 1 trübend	opacifierande	     
 1 Tupfer	sudd	     
 1 Übelkeit	illamående	     
 1 Überfunktion	hyperfunktion	     
 1 übergewichtig	överviktig	     
 1 Übergewicht	övervikt	     
 1 übernächtigt	utvakad	     
 1 Überversorgung	överdrivet näringsintag	     
 1 Ultrafiltration	ultrafiltration	     
 1 Ultraschallbad	ultraljudsbad	     
 1 Umweltmedizin	miljömedicin	     
 1 umwickeln	binda om (med förband)	     
 1 Unfallchirurgie	olycksfallskirurgi	     
 1 Unfallopfer	olycksoffer	     
 1 Unfallstation	akutmottagning	     
 1 Unfallstelle	olycksplats	     
 1 Unfallwagen	ambulans, krockskadat fordon	     
 1 unheilbar	inkurabel	     
 1 unhygienisch	ohygienisk	     
 1 unoperierbar	inoperabel	     
 1 unreif	omogen	     
 1 Unterarm	underarm	     
 1 Unterbewusstsein	undermedvetande	     
 1 unterdurchschnittlich begabt	svagt begåvad	     
 1 untere Hohlvene	nedre hålven	     
 1 untere Hohlvene	undre hålvenen	     
 1 unterentwickelt	underutvecklad	     
 1 unterernährt	undernärd	     
 1 Unterernährung	undernäring	     
 1 Unterfunktion	hypofunktion	     
 1 Unterfütterung	underfyllning	     
 1 untergewichtig	underviktig	     
 1 Untergewicht	undervikt	     
 1 Untergrätenmuskel	musculus infraspinatus	     
 1 Unterkiefer	underkäksben	     
 1 Unterkörper	underkropp	     
 1 unterkühlt	nedkyld, reserverad	     
 1 unterlassene Hilfeleistung	underlåten hjälp	     
 1 Unterleib	underliv	     
 1 Unterlied	nedre ögonlock	     
 1 Unterlippe	underläpp	     
 1 Unterschenkelgurt	underbensband	     
 1 Unterschenkel	underben	     
 1 unterschwellig	undermedveten	     
 1 unterstellen	insinuera	     
 1 Unterstellung	insinuation	     
 1 untersuchen	undersöka	     
 1 Untersuchungsraum	behandlingsrum	     
 1 Unterversorgung	otillräckligt näringsintag	     
 1 unversehrt	oskadd, välbehållen	     
 1 unverträglich	intolerant	     
 1 Unverträglichkeit	intolerans	     
 1 unverwüstliche Gesundheit	järnhälsa	     
 1 unweiblich	okvinnlig	     
 1 Unwohlsein	illamående	     
 1 Urinprobe	urinprov	     
 1 Urin	urin	     
 1 Vagina	vagina	     
 1 väterlicherseits	på fädernet	     
 1 Vaterschaftsurlaub	pappaledighet	     
 1 Veilchen	blått öga	     
 1 Venenentzündung	flebit, blodåderinflammation	     
 1 Venenpunktion	venpunktion	     
 1 venerisch	venerisk	     
 2 Vene	ven	     
 1 venöse Insuffizienz	venös insufficiens	     
 1 venöser Blutstau	venös stasning	     
 1 venöses Blut	venöst blod	     
 1 verabreichen	dosera	     
 1 Veranlagung	anlag	     
 1 verarzten	plåstra om	     
 1 Verband	bandage, förband	     
 1 Verbandkasten	förbandslåda	     
 1 Verbandmaterial	förbandsutrustning	     
 1 Verbandskasten	förbandslåda	     
 1 verblassen	blekna, bli blek	     
 1 verbluten	förblöda	     
 1 verbrennen	brännas till döds	     
 1 Verbrennung	brännskada, kremering	     
 1 Verdauung	matsmältning	     
 1 Verdauungsapparat	matsmältningssystem	     
 1 Verdauungsbeschwerden	matsmältningsbevsär	     
 1 verdrießlich	misslynt	     
 1 vererbt	medfödd, nedärvd	     
 1 Vererbung	ärftlighet	     
 1 Vererbungslehre	ärftlighetslära	     
 1 Verfolgungswahn	förföljelsemani	     
 1 Vergällung	denatureringsmedel	     
 1 vergesslich	glömsk	     
 1 Vergesslichkeit	glömska	     
 1 vergewaltigen	våldta	     
 1 Vergewaltigung	våldtäkt	     
 1 vergreisen	bli äldre	     
 1 Verhaltensforschung	beteendeforskning	     
 1 verhärmt	sliten, tärd av bekymmer	     
 1 verhungern	svälta ihjäl	     
 1 Verhütung	användning av preventivmedel	     
 1 Verhütungsmittel	preventivmedel	     
 1 verkalken	bli åderförkalkad	     
 1 verkalkt	åderförkalkad	     
 1 verkatert	bakfull	     
 1 verkeimt	kontaminerad	     
 1 Verlangen	begär	     
 1 verlängertes Mark	förlängd märg	     
 1 Verletzbarkeit	sårbarhet	     
 1 verletzbar	lättsårad	     
 1 Verletzter	skadad, sårad	     
 1 verletztlich	ömtålig, sårbar	     
 1 Verletzung	skada, sår	     
 1 vernachlässigt aussehen	ge ett ovårdat intryck	     
 1 vernarben	ärra sig, läkas	     
 1 veröden	behandla åderbråck med injektioner	     
 1 verordnen	ordinera	     
 1 Verordnung	ordination	     
 1 verrenken	vrida ur ledm vricka	     
 1 Verrenkung	vrickning	     
 1 Verrückter	galning, sinnesrubbad	     
 1 verrückt	tokig, galen	     
 1 Verschattung	skugga	     
 1 verschlafen	sömndrucken, yrvaken	     
 1 Verschleißerscheinung	förslitningssymptom	     
 1 Verschleiß	förslitning	     
 1 verschlucken	svälja	     
 1 verschreibungspflichtig	receptbelagd	     
 1 verschwitzt	genomsvettig	     
 1 verschwommen	otydlig, suddig	     
 1 Versehrter	invalid	     
 1 versehrt	invalidiserad	     
 1 verseuchen	smitta ned	     
 1 verstandesmäßig	förnuftsmässig	     
 1 Verstand	förnuft, vett	     
 1 Verständigungsschwierigkeiten	svårigheter att göra sig förstådd	     
 1 verstauchen	stuka, vricka	     
 1 Verstauchung	stukning, vrickning	     
 1 Verstopfung	förstoppning	     
 1 verstorben	avliden	     
 1 verstört	uppskakad, uppriven	     
 1 verstümmeln	lemlästa	     
 1 verstummen	bli stum, förstummas	     
 1 Versuchskaninchen	försökskanin	     
 1 Versuchsperson	försöksperson	     
 1 verträgliche Speisen	lättsmält mat	     
 1 Verträglichkeit	tolerans	     
 1 Vertrauensarzt	förtroendeläkare	     
 1 verwachsen	växa ihop, läkas	     
 1 verweichlicht	förvekligad, klen	     
 1 verweint	förgråten	     
 1 verwirrt	virrig, förvirrad	     
 1 verwundbar	sårbar	     
 1 Verzweiflung	förtvivlan	     
 1 VE-Wasser	komplett avsaltat vatten	     
 1 Virustatika	virustatika	     
 1 viskositätsregelnd	viskositetsreglerande	     
 1 Viszeralchirurgie	abdominalkirurgi	     
 1 Vitaldaten	vitaldata	     
 1 Vitalfunktionen	allmäntillstånd	     
 1 Vitaminbedarf	vitaminbehov	     
 1 Vitaminmangel	vitaminbrist	     
 1 Vitaminstoß	vitaminchock	     
 1 Vitamin	vitamin	     
 1 vollentsalztes Wasser	komplett avsaltat vatten	     
 1 voll	packad, full	     
 1 vollschlank	fyllig, kraftig	     
 1 Vollwaise	föräldralöst barn	     
 1 Vollwertkost	näringsriktig kost, hälsokost	     
 1 vom Mund entfernt	aboral	     
 1 Vorahnung	föraning, förkänsla	     
 1 Vorbau	kraftig byst	     
 1 vorbeugende Gesundheitsvorsorge	friskvård	     
 1 vorbeugen	förebygga	     
 1 Vorderzahn	framtand	     
 1 vorehelich	föräktenskaplig	     
 1 Vorgeschichte	amnes	     
 1 Vorhof	förmak	     
 1 Vormundschaft	förmyndarskap	     
 1 vorverlagertes Schlafphasensyndrom	för tidigt sömnfassyndrom	     
 1 Voyeur	smygtittare, voyeur	     
 1 Wacholderbeerenöl	enbärsolja	     
 1 wächsern	vaxblek	     
 1 wachstumsfördernd	tillväxtfrämjande	     
 1 wachstumshemmend	tillväxthämmande	     
 1 Wachstumshormon	tillväxthormon	     
 1 Wachstum	tillväxt	     
 1 Wadenbein	vadben	     
 1 Wade	vad	     
 1 Wanderniere	vandrande njure	     
 1 Wange	kind	     
 1 Wangenknochen	kindknota	     
 1 Wasserretention	vattenretention	     
 1 Wechselbad	växelbad	     
 1 wiederaufbereiten	behandla för återanvändning	     
 1 wiederbeleben	återuppliva	     
 1 Winde	väderspänning	     
 1 Windpocken	vattkoppor	     
 1 Wirbelkörper	kotkropp	     
 1 Wirbel	kota	     
 1 Wirbelsäule	ryggrad	     
 1 Wirksubstanzen	verksamma ämnen	     
 1 Wirkweise	verkningssätt	     
 2 Wischdesinfektion	avtorkningsdesinfektion	     
 1 WK-Fraktur	fraktur i kotkroppen	     
 1 Wöchnerin	nyförlöst kvinna	     
 1 Workaholic	arbetsnarkoman	     
 1 Wundauflage	förband	     
 1 Wunddehiszenz	sårruptur	     
 1 Wunde	sår	     
 1 Wundstarrkrampf	stelkramp	     
 1 Wundverband	sårförband	     
 1 Wurzelfüllung	rotfyllning	     
 1 Wurzelkanal	rotkanal	     
 1 X-Beine	kobent	     
 1 Xenophobie	xenofobi	     
 1 Zahnarzthelferin	tandläkarassistent	     
 1 Zahnarzt	tandläkare	     
 1 Zahnbelag	plack	     
 1 Zahnen	tandsprickning	     
 1 Zahnersatz	tandprotes	     
 1 Zahnfächer	tandhålor	     
 1 Zahnfäule	tandröta	     
 1 Zahnfleischbluten	blödande tandkött	     
 1 Zahnfleisch	tandkött	     
 1 Zahnklammer	tandställning	     
 1 Zahnkrone	tandkrona	     
 1 zahnlos	tandlös	     
 1 Zahnlücke	glugg	     
 1 Zahnmedizin	odontologi	     
 1 Zahnpflege	tandvård	     
 1 Zahn	tand	     
 1 Zehenendglied	distalfalang	     
 1 Zehengrundglied	proximal falang	     
 1 Zeigefinger	pekfinger	     
 1 Zeitgeber	tidsgivare	     
 1 Zentralnervensystem	centrala nervsystemet	     
 1 Zirbeldrüse	epifys, tallkottkörtel	     
 1 Zirbeldrüse	tallkottskörtel	     
 1 Zoophobie	zoofobi	     
 1 Zuckerkrankheit	sockersjuka	     
 1 Zunge	tunga	     
 1 Zwerchfell	diafragma, mellangärde	     
 1 Zwillinge	tvillingar	     
 1 Zwillingswadenmuskel	vadmuskel	     
 1 Zwischenknochenmuskel	inter ossermuskel	     
 1 Zwischenwirbelgelenke	fasettleder	     
 1 Zwischenwirbelraum	utrymmet mellan kotorna; spatium intervertebrale	     
 2 Zwölffingerdarm	tolvfingertarm	     
 1 Zyste	cysta	     
 1 zytologischer Abstrich	cellprov	     
 1 Zytostatikaabfall	cytostatikaavfall	     
 1 Zytostatikawerkbank	cytostatikabänk	     
 1 zytostatikum	cytostatikum	     
