 1 a, ab	от	     
 1 abdomen: inis n	брюшной	     
 1 abdomen: inis n	живот	     
 1 abdomen: inis n	чрево	     
 1 abducens: entis	отводящий	     
 1 abduco: ere III	отводить	     
 1 ablatio: onis f	абляция	     
 1 ablatio: onis f	отслоение	     
 1 ablatio: onis f	удаление	     
 1 aboralis	аборальный	     
 1 aboralis	удаленный от рта	     
 1 abortus: us	аборт	     
 1 abortus: us	выкидыш	     
 1 abrasio	выскабливание	     
 1 abscessus: m	абсцесс	     
 1 abscessus: m	нарыв	     
 1 absens: entis	отсутствующий	     
 1 absente aegroto	в отсутствии больного	     
 1 absentia	отсутствие	     
 1 absque	без	     
 1 abstinentia	воздержание	     
 1 abstractus	абстрактный	     
 1 ab-	приближение	     
 1 academia	академия	     
 1 ac, atque	а также	     
 1 ac, atque	и	     
 1 accessorius	добавочный	     
 1 accidentalis	второстепенный	     
 1 accidentalis	случайный	     
 1 accumulatio: onis f	накопление	     
 1 accuso: are I	обвинять	     
 1 acetabulum	вертлужная впадина	     
 1 acetum	уксус	     
 1 acetylsalicylicus	ацетилсалициловый	     
 1 Achilles	Ахилл	     
 1 acidum aceticum	кислота уксусная	     
 1 acidum acetylsalicylicum	кислота ацетилсалициловая	     
 1 acidum arsenicosum	кислота мышьяковистая	     
 1 acidum ascorbinicum	кислота аскорбиновая	     
 1 acidum benzoicum	кислота бензойная	     
 1 acidum carbolicum	кислота карболовая	     
 1 acidum carbonicum	кислота угольная	     
 1 acidum citricum	кислота лимонная	     
 1 acidum folicum	кислота фолиевая	     
 1 acidum glutaminicum	кислота глутаминовая	     
 1 acidum hydrochloricum	кислота хлористоводородная (соляная)	     
 1 acidum hydrocyanicum	кислота синильная	     
 1 acidum hydrocyanicum	кислота цианистая	     
 1 acidum hydrosulfuricum	кислота кислота сероводородная	     
 1 acidum lacticum	кислота молочная	     
 1 acidum lipoicum	кислота липоевая	     
 1 acidum nicotinicum	кислота никотиновая	     
 1 acidum nitricum	кислота азотная	     
 1 acidum nitrosum	кислота азотистая	     
 1 acidum phosphoricum	кислота фосфорная	     
 1 acidum salicylicum	кислота салициловая	     
 1 acidum sulfuricum	кислота серная	     
 1 acidum sulfurosum	кислота сернистая	     
 1 acidum	кислота	     
 1 acquisitus	приобретенный	     
 1 acr-, -acria	дистальный отдел части тела	     
 1 acr-, -acria	заостренный	     
 1 acr-, -acria	конечность	     
 1 acrichinum	акрихин	     
 1 acromialis	акромиальный	     
 1 acromion	акромион	     
 1 actinomicosis: is f	актиномикоз	     
 1 actio: onis f	действие	     
 1 acusticus	акустический	     
 1 acusticus	слуховой	     
 1 acusticus	слуховой (tuba)	     
 1 acutus	острый	     
 1 ad-, apo-	отдаление	     
 1 ad decubitum	при пролежнях	     
 1 addo: ere III	добавлять	     
 1 aden-, adenoides	аденоиды	     
 1 aden-	железа	     
 1 aden-	узел лимфатический	     
 1 adhibeo: ere II	применять	     
 1 adhibeo: III	применить	     
 1 adiposus	жирный	     
 1 adiposus	жировой	     
 1 aditus: us	вход	     
 1 adjuvans: ntis	вспомогательный	     
 1 adjuvans: ntis	помогающий	     
 1 adjuvo: are I	помогать	     
 1 adjuvo: are I	содействовать	     
 1 adnexa	придатки	     
 1 adonis: idis m/f	адонис	     
 1 adonisidum	адонизид	     
 1 adrenalinum	адреналин	     
 1 adultus	взрослый	     
 1 adultus	совершеннолетний	     
 1 ad usum externum, pro usu externo	для наружнего применения	     
 1 ad usum internum, pro usu interno	для внутреннего применения	     
 1 ad	для	     
 1 ad	до	     
 1 ad	к	     
 1 ad	при	     
 1 aeger: gra, grum	больной (прил)	     
 1 aeger: gra, grum	нездоровый	     
 1 aeger: gri m	больной	     
 1 aegrotus	больной (прил)	     
 1 -aemia, haem-, haemat-	кровь	     
 1 aemulatio	соревнование	     
 1 -aem-	действующее на кровь	     
 1 aequalis	равный	     
 1 aeque	одинаково	     
 1 aeque	равным образом	     
 1 aer-, aer: aeris m	воздух	     
 1 aer: aeris m	воздух	     
 1 aeronum	аэрон	     
 1 aerosolum	аэрозоль	     
 1 Aesculapius: i	Эскулап	     
 1 aesthesi-, -aesthesia	ощущение	     
 1 aesthesi-, -aesthesia	чувствительность	     
 1 -aesthes-	анестетик	     
 1 -aesthes-	обезболивающее	     
 1 aetas: atis f	возраст	     
 1 aeternus	вечный	     
 1 aethacridinum	этакридин	     
 1 aethazolum	этазол	     
 1 aether: eris m	эфир	     
 2 aethereus	эфирный	     
 1 aethinyloestradiolum	этинилэстрадиол	     
 1 aethylicus	этиловый	     
 1 aethylium	этил	     
 1 aethylmorphinum	элилморфин	     
 1 -aeth-	этил	     
 1 aeth-	этил	     
 1 -aeth-	этилен	     
 1 aetiologia morbi	установление причины болезни	     
 1 aeti-	причина болезни	     
 1 aevitum	аэвит	     
 1 afferens: entis	афферентный	     
 1 afferens: entis	приносящий	     
 1 affero: afferre	приносить	     
 1 Ag	argentum	     
 1 agger: eris m	утолщение	     
 1 agglutinatio	приклеивание	     
 1 agito: are I	взбалтывать	     
 1 agito: are I	двигать	     
 1 agito: are I	приводить в движение	     
 1 agnosco: ere III	признавать	     
 1 agnosco: ere III	соглашаться	     
 1 Al	aluminium	     
 1 -al, -ar, -e, -ic, -in	принадлежащий	     
 1 alaris	крыльный	     
 1 ala	кpыло	     
 2 albumen: inis n	белок	     
 1 albus	белый	     
 1 alcoholicus	алкогольный	     
 1 alcohol: olis n	алкоголь	     
 1 alea	жребий	     
 1 alg-, -algia, algesia, -odynia	болезненная чувствительность	     
 1 alg-, -algia, algesia, -odynia	боль	     
 1 -alg-, -dol-	анальгетик	     
 1 -alg-, -dol-	болеутоляющее	     
 1 alienus	чужой	     
 1 alimentarius	алиментарный	     
 1 alimentarius	пищевой	     
 1 alius	другой	     
 1 -aller-, -allerg-	противоаллергическое	     
 1 allergicus	аллергический	     
 1 all-	другой	     
 1 all-	измененный	     
 1 all-	иной	     
 1 all-	необычный	     
 1 aloe: es f	алоэ	     
 1 aloe: es f	сабур	     
 1 alo: ere III	вскармливать	     
 1 alo: ere III	поддерживать	     
 1 alopecia	алопеция	     
 1 alter: era, erum	другой	     
 1 alter: era, erum	один из двух	     
 1 alternans: antis	переменный	     
 1 alternans: antis	чередующийся	     
 1 althaea	алтей	     
 1 altus	высокий	     
 1 alumen: inis n	квасцы (алюмо-калиевые)	     
 1 alveolaris	альвеолярный	     
 1 alveolus: i	альвеола	     
 1 -al-	наркотическое	     
 1 -al-	снотворное	     
 1 amabilis	милый	     
 1 amabilis	приятный	     
 1 ambravena	амбравена	     
 1 amens: entis	безумный	     
 1 amica	подруга	     
 1 amicitia	дружба	     
 1 amicus: i	друг	     
 1 amidopyrinum	амидопирин	     
 1 aminazinum	аминазин	     
 1 ammoniatus	аммиачный	     
 1 amnion	амнион	     
 1 amoebiasis: is f	амебиаз	     
 1 amorphus	аморфный	     
 1 ampicillinum	ампициллин	     
 1 ampullaris	ампулярный	     
 1 ampulla	ампула	     
 1 amputatio	ампутация	     
 1 amygdala	миндаль (плод)	     
 1 amygdalus: i f	миндаль (дерево)	     
 1 amylaceus	крахмальный	     
 1 amylium	амил	     
 1 amyloidosis: is f	амилоидоз (отлож. амилоид)	     
 1 amylum	крахмал	     
 1 amyl-	амил	     
 1 anabiosis	анабиоз	     
 1 anacrota	восходящая часть пульсовой волны	     
 1 anaesthesinum	анестезин	     
 1 analgesia	устранение или отсутствие боли	     
 1 analginum	анальгин	     
 1 analis	анальный	     
 1 anamnesis	анамнез	     
 1 anamnesis	воспоминание	     
 1 anastamosis: is f	анастамоз	     
 1 anatomicus	анатомический	     
 1 ana-	возобновление	     
 1 ana-	направленное вверх	     
 1 ana	по	     
 1 ana	поровну	     
 1 andr-, -andria, masculinus, mas: maris m	мужской	     
 1 andr-, -andria, masculinus, mas: maris m	мужчина	     
 1 -andr-, -ster-	андрогенные	     
 1 -andr-, -ster-	препараты муж. пол. гормонов и сентет. аналоги	     
 1 -andr-, -vir-, -test-, -ster-, -stan-	андрогенное	     
 1 -andr-, -vir-, -test-, -ster-, -stan-	препарат мужских половых гормонов	     
 1 aneurisma	аневризма	     
 1 angioneuroticus	ангионевротический	     
 1 angiotensinamidum	ангиотензинамид	     
 1 angi-	сосуд	     
 1 angulus: i	угол	     
 1 animal: alis n	животное	     
 1 animalis	животный	     
 1 animus	дух	     
 1 animus	душа	     
 1 animus	ум	     
 1 aniso-	неравный	     
 1 aniso-	несоразмерный	     
 1 anisum	анис	     
 1 ankylosis	анкилоз	     
 1 anotomica exploratio	анатомическое исследование	     
 1 ansa	петля	     
 1 antacidum	вещество связывающее кислоту	     
 1 antebrachium	предплечье	     
 1 ante-, prae-, pro-	до	     
 1 ante-, prae-, pro-	пре-	     
 1 ante-, prae-, pro-	пред-	     
 1 anterior: ius	пеpедний	     
 1 ante	до	     
 1 ante	раньше	     
 1 anthrax	сибирская язва	     
 1 antiasthmaticus	противоастматический	     
 1 antibioticum	антибиотик	     
 1 antidotum	антидот	     
 1 antidotum	противоядие	     
 1 antineoplasticus	противоопухолевый	     
 1 antisepticus	антисептический	     
 1 antrum	пещера	     
 1 antrum	полость	     
 1 anulus	кольцо	     
 1 anus: i	задний проход	     
 1 aorta	аорта	     
 1 aorticus	аортальный	     
 1 -ap-, -apis-	пчелиный яд	     
 1 apathia	эмоциональное безразличие	     
 1 apertura lateralis (ventriculus quartus)	Лусчка отверстие	     
 1 apertura mediana (ventriculus quartus)	Магенди отверстие	     
 1 apertura	апертура	     
 1 apertura	отверстие	     
 1 apertus	открытый	     
 1 apex: icis n	верхушка	     
 1 apex: icis n	кончик	     
 1 aphaeresis	аферез	     
 1 aphaeresis	отнятие	     
 1 aphtae: arum f	афты	     
 1 apomorphinum	апоморфин	     
 1 aponeurosis: is f	апоневроз	     
 1 apophysis	отросток	     
 1 apparatus: i	аппарат	     
 1 appendix: icis f	аппендикс	     
 1 appendix: icis f	отросток	     
 1 appendix: icis f	привесок	     
 1 appendix: icis f	придаток	     
 1 aquaeductus	водопровод	     
 1 aqua	вода	     
 1 aqueductus mesencephali	Сильвиев водопровод	     
 1 aquila	орел	     
 1 aquosus	водный (настойка/раст.)	     
 1 arachnoidea	оболочка паутинная мозговая	     
 1 arbor: oris f	дерево	     
 1 arbor: oris f	древо	     
 1 arc-, -arcia	конечность	     
 1 arcuatus	дугообразный	     
 1 arcus: us	дуга	     
 1 area	поле (кружок)	     
 1 argumentum	довод	     
 1 argumentum	доказательство	     
 1 armatus	вооруженный	     
 1 armeniaca	абрикос	     
 2 arnica	арника	     
 1 -arol-, -coum-, -cum-	антикоагулянты	     
 1 arrhythmia	аритмия	     
 1 arsenis: itis	арсенит	     
 1 ars	занятие	     
 1 ars	исскуство	     
 1 ars	наука	     
 1 ars	ремесло	     
 1 artefactum	артефакт	     
 1 artefactum	искусственное образование	     
 1 arteria carotis	сонная артерия	     
 1 arteria	артерия	     
 1 arteriosus	артериальный	     
 1 arthr-	сустав	     
 1 articularis	суставной	     
 1 articulatio: onis f	сустав	     
 1 arytenoideus	черпаловидный	     
 1 As	arsenicum	     
 1 ascaridosis: is f	аскаридоз	     
 1 ascendo: ere III	восходить	     
 1 ascites: ae m	асцит	     
 1 ascites: ae m	водянка брюшной полости	     
 1 aseptice	асептически	     
 1 aseptice	в асептических условиях	     
 1 asinus: i	осел	     
 1 asper: era erum	шероховатый	     
 1 asperitas	шероховатость	     
 1 aspirinum	аспирин	     
 1 asthen-, -asthenia	ослабление	     
 1 asthen-, -asthenia	слабость	     
 1 asthenicus	астенический	     
 1 asthenicus	слабый	     
 1 asthma: atis n	астма (удушье)	     
 1 asthmaticus	астматический	     
 1 astrum	звезда	     
 1 atheroscleroticus	атеросклеротический	     
 1 ather-	отложение жироподобных веществ	     
 1 atlas: antis	атлант	     
 1 -atrax-	успокаивающие	     
 1 atrium cordi	предсердие	     
 1 atrium	преддверие	     
 1 atrium	предсердие	     
 1 atrociter	безжалостно	     
 1 atrociter	жестоко	     
 1 atrophia	атрофия	     
 1 atropinum	атропин	     
 1 Au	aurum	     
 1 auctor: oris m	автор	     
 1 audeo: ere II	осмеливаться	     
 1 audeo: ere II	решаться	     
 1 audio: ire IV	слушать	     
 1 auditivus	слуховой (meatus)	     
 1 auditus: us	слух	     
 1 auditus: us	способность слышать	     
 1 augeo: ore II	увеличивать	     
 1 augeo: ore II	умножать	     
 1 aureus	золотой	     
 1 auricularis	ушковидный	     
 1 auricularis	ушной	     
 1 auricula	ушко	     
 1 auricula	ушная раковина	     
 1 auscultatio: onis f	аускультация	     
 1 auscultatio: onis f	выслушивание	     
 1 autonomicus	автономный	     
 1 autonomicus	вегетативный	     
 1 aut	или	     
 1 aut-	сам	     
 1 aut-	свой	     
 1 aut-	собственный	     
 1 aveo: ere II	здравствовать	     
 1 avis: is f	птица	     
 1 avulsio	отрыв	     
 1 axillaris	подмышечный	     
 1 axis: is m	ось	     
 1 axis: is m	шейный позвонок N 2	     
 1 Ba	barium	     
 1 bacca	ягода	     
 1 bacillus	палочка	     
 1 balsamum	бальзам	     
 1 barbamylum	барбамил	     
 1 barba	борода	     
 1 barbitalum-natrium	барбитал-натрий	     
 1 barbitalum	барбитал	     
 1 -barb-	барбитураты	     
 1 -barb-	производные барбитуровой кислоты	     
 1 -barb-	снотворные	     
 1 bar(y)-	тяжелый	     
 1 basilaris	базилярный	     
 1 basilaris	основной	     
 1 basis: is f	базис (основное средство в сложном рецепте)	     
 1 basis: is f	основание	     
 1 basis	основание	     
 1 B	borum	     
 1 beatus	счастливый	     
 1 belladonna	беладонна	     
 1 belladonna	красавка	     
 1 bene	хорошо	     
 1 benignus	доброкачественный	     
 1 benzoas: atis m	бензоат	     
 1 benzoicus	бензойный	     
 1 benzonaphtholum	бензонафтол	     
 1 benzylpenicillinum	бензилпенициллин	     
 1 -benz-	производные бензойной кислоты	     
 1 betula	береза	     
 1 Bi	bismuthum	     
 1 bibo: ere III	пить	     
 1 bibo: III	пить	     
 1 biceps: cipitis	двуглавый	     
 1 bicillinum	бициллин	     
 1 bicuspidalis	двустворчатый	     
 1 bifurcatio: onis f	бифуркация	     
 1 bifurcatio: onis f	раздвоение	     
 1 biliaris, biliosus	билиарный	     
 1 biliaris, biliosus	желчный	     
 1 bilis: is f	желчь	     
 1 bilis: is f	печень	     
 1 bini: ae a	по два	     
 1 bio-, vita	жизнь	     
 1 bis	дважды	     
 1 bivalens: entis	двухвалентный	     
 1 biventer: tra trum	двубрюшный	     
 1 blast-, germen: inis n	бласт	     
 1 blast-, germen: inis n	зародышевая клетка	     
 1 blast-, germen: inis n	зачаток (ранняя эмбриональная стадия)	     
 1 blastoma: atis n	бластома	     
 1 blastoma: atis n	опухоль	     
 1 -blastoma, -oma: -omatis	опухоль	     
 1 blephar-	веко	     
 1 bonum	благо	     
 1 bonum	добро	     
 1 bonus	добрый	     
 1 bonus	хороший	     
 1 boricus	борный	     
 1 bos: bovis m	бык	     
 1 bovinus	бычий	     
 1 brachialis	плечевой	     
 1 brachium	плечо	     
 1 brachy-	короткий (укороченный)	     
 1 brady-	замедленный	     
 1 brady-	медленный	     
 1 Br	bromum	     
 1 bregma: atis n	брегма	     
 1 brevis	короткий	     
 1 breviter	кратко	     
 1 bromcamphora	бромкамфора	     
 1 bromidum	бромид	     
 1 bromisovalum	бромизовал	     
 1 bronchialis	бронхиальный	     
 1 bronchialis	относ. к бронху	     
 1 bronchus: i	бронх	     
 1 bruneomycin	брунеомицин	     
 1 bubo: onis m	бубон	     
 1 bubo: onis m	воспалительное опухание лимфатического узла	     
 1 buccalis	щечный	     
 1 bucca	щека	     
 1 bulbus: i	луковица	     
 1 bulla	пузырек	     
 1 bulla	пузырь	     
 1 bullosus	пузырчатый	     
 1 bursa	сумка	     
 1 Ca	calcium	     
 1 cacao: n (не скл)	какао	     
 2 cadaver: eris n	труп	     
 1 cadaveris inspectio	осмотр трупа	     
 1 caecum	кишка слепая	     
 1 caecus	слепой	     
 1 caesareus	кесарев	     
 1 caesareus	царский	     
 1 -cain-	местнообезболивающие	     
 1 -cain-	местные анестетики	     
 1 calamus: i	перо (писчее)	     
 1 calcaneus: i	пяточная кость	     
 1 calcar: aris n	шпора	     
 1 calcificatio: onis f	кальцификация	     
 1 calcificatio: onis f	обызвествление	     
 1 calculosus	вызванный камнями	     
 1 calculosus	калькулезный	     
 1 calculosus	относ. к камням	     
 1 calculus: i	камешек	     
 1 calendula	календула	     
 1 calendula	ноготки	     
 1 callosus	мозолистый	     
 1 calvaria	крыша черепа	     
 1 calx: calcis f	пята	     
 1 calx: calcis f	пятка	     
 1 calyx: ycis m	чашечка	     
 1 calyx: ycis m	чашка	     
 1 camera	камера	     
 2 camphora	камфора	     
 1 canaliculus	каналец	     
 1 canalis: is m	канал	     
 1 cancer: cri m	рак	     
 1 cancer: cri m	раковая опухоль	     
 1 cancer: eris m	канцер	     
 1 cancer: eris m	рак	     
 1 cancerosus	раковый	     
 1 candidus	белоснежный	     
 1 caninus	клыковый	     
 1 caninus	собачий	     
 1 caninus	собачий (зуб)	     
 1 canis: is m/f	собака	     
 1 cantus: us	пение	     
 1 cantus: us	песня	     
 1 capillaris	капиллярынй	     
 1 capillus: i	волос	     
 1 capio: ere III	брать	     
 1 capio: ere III	набирать	     
 1 capsula	капсула	     
 1 capsula	оболочка	     
 1 carbonas: atis m	карбонат	     
 1 carbo: onis m	уголь	     
 1 carcin-, carcinoma: atis n	рак	     
 1 carcin-, carcinoma: atis n	раковая опухоль	     
 1 carcinomatosus	карциноматозный	     
 1 carcinomatosus	раковый	     
 2 cardiacus	сердечный	     
 1 cardi-, -cardium	сердце	     
 1 cardinalis	кардинальный	     
 1 cardinalis	основной	     
 1 cardi-, ostium cardiacum	кардиальное отверстие	     
 1 cardi-, ostium cardiacum	кардия	     
 1 cardiovalenum	кардиовален	     
 1 caries: ei f	кариез	     
 1 caries: ei f	костоеда	     
 1 caritas: atis f	милость	     
 1 caroticus	сонный	     
 1 carotis: tidis f	сонная артерия	     
 1 carpeus	запястный	     
 1 carpus: i	запястье	     
 1 cartilagineus	хрящевой	     
 1 cartilago: inis f	хрящ	     
 1 casus: us	падеж	     
 1 casus: us	случай	     
 1 catacrota	нисходящая часть пульсовой волны	     
 1 catamnesis	история больного после выздоровления или выписки	     
 1 cataracta	катаракта	     
 1 catarrhalis	катаральный	     
 1 cata-	направленное вниз	     
 1 cata-	усиление	     
 1 cathedra	кафедра	     
 1 cathedra	кресло	     
 1 causalis	причинный	     
 1 causa proxima	ближайшая непосредственная причина	     
 1 causa	повод	     
 1 causa	причина	     
 1 cause praedisponentes	предраспологающие причины	     
 1 caute	осторожно	     
 1 caveo: ere II	остерегаться	     
 1 caverna	каверна	     
 1 caverna	пещера	     
 1 caverna	полость	     
 1 cavernosus	пещеристый	     
 1 cavitas: atis f	впадина	     
 1 cavitas: atis f	полость	     
 1 cavum	впадина	     
 1 cavum	полость	     
 1 cavus	полый	     
 1 C	carboneum	     
 1 celer: eris ere	быстрый	     
 1 celeriter	быстро	     
 1 cellularis	клеточный	     
 1 cellula	клеткa	     
 1 cellula	ячейка	     
 1 cementum	цемент	     
 1 census: us	оценка	     
 1 census: us	цена	     
 1 -centesis	прокол	     
 1 -centesis	пункция	     
 1 centralis	центральный	     
 1 -ceph-, -cef-, -cep-	антибиотики группы цефалоспоринов	     
 2 ceratus	вощеный	     
 1 cerebellaris	мозжечковый	     
 1 cerebellum	мозжечок	     
 1 cerebralis	мозговой (головного мозга)	     
 1 cerebralis	церебральный	     
 1 cerebrum	мозг большой (головной)	     
 1 cerno: ere III	различать	     
 1 cerno: ere III	судить	     
 1 certus	верный	     
 1 certus	определенный	     
 1 certus	преданный	     
 1 certus	точный	     
 1 cervicalis	шейный	     
 1 cervicobrachialis	шейно-плечевой	     
 1 chamomilla	ромашка	     
 1 charta	бумага	     
 1 cheir-, -cheiria	рука	     
 1 chiasma: atis n	перекрест	     
 1 chininum	хинин	     
 1 chinosolum	хинозол	     
 1 chirurgia	хирургия	     
 1 chloridum	хлорид	     
 1 chloroformium	хлороформ	     
 1 chlorophylliptum	хлорофиллипт	     
 1 chlor: viridis| e	зеленый	     
 1 choanae: arum f	хоаны	     
 1 cholagogus	желчегонный	     
 1 cholangi-, ductus biliferi	проточки желчные	     
 1 -chol-, -bil-, -col-	желчегонное	     
 1 chol-, -cholia, fel: fellis n	желчь	     
 1 cholecyst-	пузырь желчный	     
 1 choledoch-, ductus choledochus	проток желчный общий	     
 1 choleduchus	желчный	     
 1 chole: es f	желчь	     
 1 chondrocytus	хондроцит	     
 1 chondr-	хрящ	     
 1 chorda	нить	     
 1 chorda	струна	     
 1 chorda	хорда	     
 1 chorioideus	снабженный сосудами	     
 1 chorioideus	сосудистный	     
 1 chorion	хорион	     
 1 chrom(at)-, -chromia, color: oris m	окраска	     
 1 chrom(at)-, -chromia, color: oris m	цвет	     
 1 chronicus	хронический	     
 1 -chron-	время	     
 1 -chron-	продолжительность	     
 1 chyl-, -chylia	млечный сок	     
 1 chyl-, -chylia	молочно-белая жидкость	     
 1 chyl-, -chylia	хилус	     
 1 cibus: i	еда	     
 1 cibus: i	пища	     
 1 cicatrix: icis f	рубец	     
 1 -cid-	антимикробное	     
 1 -cid-	противопаразитное	     
 1 ciliaris	ресничный	     
 1 cilium	ресница	     
 1 -cillin-	антибиотики группы пенициллинов	     
 1 cinereus	серый	     
 1 cingo: ere III	опоясывать	     
 1 cingulum: i	пояс	     
 1 cingulum	пояс	     
 1 circularis	круговой	     
 1 circularis	циркулярный	     
 1 circulus arteriosus cerebri	Вилизиев круг	     
 1 circumflexus	огибающий	     
 1 circum-, peri-, para-	вокруг	     
 1 circum-, peri-, para-	около	     
 1 cirrhosis: is f	цирроз	     
 1 cisterna	цистерна	     
 1 citissime	очень быстро	     
 1 citissime	срочно	     
 1 cito	быстро	     
 1 citrat: atis m	цитрат	     
 1 citrus	лимон	     
 1 civitas: atis f	общество	     
 1 -clasia	ломка	     
 1 -clasia	разрушение	     
 1 clauditio: onis f	хромота	     
 1 clausus	закрытый	     
 1 clavicularis	ключичный	     
 1 clavicula	ключица	     
 1 Cl	chlorum	     
 1 coagulatio: onis f	коагуляция	     
 1 coagulatio: onis f	свертывание	     
 1 cocarboxylasum	кокарбоксилаза	     
 1 coccygeus	копчиковый	     
 1 coccyx: ygis m	копчик	     
 1 cochlear: aris n	ложка	     
 1 cochlearis	относ. к улитке	     
 1 cochlearis	улитковый	     
 1 cochlea	улитка	     
 1 codeinum	кодеин	     
 1 coeruleus, cyan-	относ. к синильной кислоте	     
 1 coeruleus, cyan-	синий	     
 1 coeruleus, cyan-	синюшный	     
 1 coffeinum-natrii bensoas: coffeini-natrii bensoatis	кофеин-бензоат натрия	     
 1 coffeinum	кофеин	     
 1 cogito: are I	мыслить	     
 1 cognitio: onis f	познание	     
 1 cognosco: ere III	познавать	     
 1 cognosco: ere III	узнавать	     
 1 cogo: ere III	заставлять	     
 1 cogo: ere III	принуждать	     
 1 colica	колика (внезапная боль в животе)	     
 1 collargolum	колларгол	     
 1 collega: ae m/f	коллега	     
 1 collega: ae m/f	товарищ по работе	     
 1 collegium	совет	     
 1 collegium	товарищество	     
 1 colloquium	коллоквиум	     
 1 colloquium	собеседование	     
 1 collum	шейка (кости)	     
 1 collum	шея	     
 1 colon ascendens: entis	кишка восходящная ободочная	     
 1 colon descendens: entis	кишка низходящая ободочная	     
 1 colon sigmoideum	кишка сигмовидная ободочная	     
 1 colon	кишка ободочная	     
 1 colp-	влагалище	     
 1 columna	столб	     
 1 coma: atis n	кома	     
 1 coma: atis n	кома (бессознательное состояние)	     
 1 coma: atis n	полная потеря сознания	     
 1 comatosus	коматозный	     
 1 comissura	спайка	     
 1 comitans: antis	сопровождающий	     
 1 comitans: antis	сопутствующий	     
 1 commotio	сотрясение	     
 1 communicans	соединительный	     
 1 communicans	соединяющий	     
 1 communico: are I	связывать	     
 1 communico: are I	соединять	     
 1 communis	общий	     
 1 commuto: are I	изменять	     
 1 commuto: are I	менять	     
 1 compactus	плотный	     
 1 completus	полный	     
 1 complexus	связь	     
 1 complexus	сочетание	     
 1 complicationes	осложнения	     
 1 complicatus	осложненный	     
 1 compono: ere III	образовывать	     
 1 compono: ere III	складывать	     
 1 compono: ere III	соединять	     
 1 compono: ere III	составлять	     
 1 compositio	состав	     
 1 compositus	сложный	     
 1 concentratus	концентрированный	     
 1 concha	раковина	     
 1 concisus	резаный	     
 1 concordia	единодушие	     
 1 concordia	согласие	     
 1 concrementum	камень	     
 1 concrementum	конкремент	     
 1 concrementum	плотное образование	     
 1 concretus	вещественный	     
 1 concretus	конкретный	     
 1 concretus	предметный	     
 1 concretus	уплотненный	     
 1 conditio	условие	     
 1 condylaris	мыщелковый	     
 1 condylus: i	мыщелок	     
 1 confirmo: are I	подтверждать	     
 1 confluens: entis	сливающийся	     
 1 confluo: ere III	сливаться	     
 1 congenitus	врожденный	     
 1 congestivus	застойный	     
 1 conicus	конический	     
 1 conicus	конусовидный	     
 1 conjunctiva	конъюнктива	     
 1 conjunctivus	соединительнотканный	     
 1 conjunctivus	соединительный	     
 1 conjungo: ere III	соединять	     
 1 consensio: onis f	единомыслие	     
 1 consensio: onis f	согласие	     
 1 conservatus	консервированный	     
 1 consilium	совет	     
 1 consilium	совещание	     
 1 consolatio	слово утешения	     
 1 consolatio	утешение	     
 1 conspergo: ere III	обсыпать	     
 1 constituens: entis	формирующий	     
 1 constituens: entis	формообразующий	     
 1 constituo: ere III	устанавливать	     
 1 constituo: ere III	формировать	     
 1 consto: are I	состоять	     
 1 constrictio: onis f	сжатие	     
 1 constrictio: onis f	сокращение	     
 1 constructio: onis f	построение	     
 1 constructio: onis f	составление	     
 1 consuentudo: inis f	привычка	     
 1 consumo: ere III	исчезать	     
 1 consumo: ere III	погибать	     
 1 consumo: ere III	расходовать	     
 1 con-, syn-	взаимодействие	     
 1 con-, syn-	связь	     
 1 con-, syn-	совместно	     
 1 contactus	контактный	     
 1 contineo: ere II	содержать	     
 1 contortus	извитой	     
 1 contortus	свернутый	     
 1 contra-, anti-	противо-	     
 1 contraceptivus	противозачаточный	     
 1 contractio: onis f	сокращение	     
 1 contractio	стягивание	     
 1 contractura	контрактура	     
 1 contractura	сведение	     
 1 contractura	спазм	     
 1 contraho: ere III	сводить	     
 1 contraho: ere III	сокращать	     
 1 contraho: ere III	стягивать	     
 1 contrarius	противоположный	     
 1 contra tussim	против кашля	     
 1 contra	вопреки	     
 1 contra	против	     
 1 contusio: onis f	контузия	     
 1 contusio: onis f	ушиб	     
 1 convalesco: ere III	выздоравливать	     
 1 convallaria	ландыш	     
 1 convulsivus	конвульсивный	     
 1 convulsivus	судорожный	     
 1 copr-, faeces (pl), stercus: oris n	кал	     
 1 coquo: ere III	варить	     
 1 corazolum	коразол	     
 1 -cor-, -card-	кардиотоническое	     
 1 -cor-, -card-	коронарорасширяющее	     
 1 -cor-, -card-	сердечное	     
 1 cor: cordis n	сердце	     
 1 cordiaminum	кордиамин	     
 1 cordigitum	кордигит	     
 1 cornea, kerat-	роговица	     
 1 corneus	роговой	     
 1 corno: are I	венчать	     
 1 cornu: us n	рог	     
 1 cornu: us n	рожок	     
 1 coronarius	венечный	     
 1 corona	венец	     
 1 corona	корона	     
 1 corona	коронка	     
 1 coronoideus	венечный	     
 1 corpusculum	тельце	     
 1 corpus: oris n	тело	     
 1 correctio	исправление	     
 1 corrigens: ntis	исправляющий	     
 1 corrigens: ntis	корригирующий	     
 1 corrigo: ere III	исправлять	     
 2 cortex: icis m	кора	     
 1 cortex: icis m	корковое вещество	     
 1 corticalis	корковый	     
 1 -cort-	кортикостероиды	     
 1 costalis	реберный	     
 1 costa prima	первое ребро	     
 1 costarius	реберный	     
 1 costa secunda	второе ребро	     
 1 costa	ребро	     
 1 coxa	бедро	     
 1 coxa	таз	     
 1 cranialis	краниальный	     
 1 cranialis	черепной	     
 1 cranium	череп	     
 1 crassum	толстая кишка	     
 1 crassus	жирный	     
 1 crassus	толстый	     
 1 crataegus: i	боярышник	     
 1 creber: bra brum	частый	     
 1 creo: are I	творить	     
 1 crescentia	рост	     
 1 crescentia	увеличение	     
 1 cresco: ere III	расти	     
 1 cribrosus	решетчатый	     
 1 cribrum	решето	     
 1 cricoesophageus	перстнепищеводный	     
 1 cricoideus	перстневидный	     
 1 crin-, -crinia, secretio: onis f	выделение	     
 1 crin-, -crinia, secretio: onis f	секреция	     
 1 -crin, -crinia	выделение	     
 1 -crin, -crinia	секреция	     
 1 cronicus	хронический	     
 1 crouposus	крупозный	     
 1 cruciatus	крестообразный	     
 1 cruciatus	скрещенный	     
 1 cruciformis	крестообразный	     
 1 crus: cruris n	ножка	     
 1 crux: crucis f	крест	     
 1 crystallisatus	кристаллический	     
 1 cry-	низкая температура	     
 1 cry-	холод	     
 1 cuboideus	кубовидный	     
 1 Cu	cuprum	     
 1 culex: icis m	кулекс (вид комара)	     
 1 culmen: inis n	верх	     
 1 culmen: inis n	вершина	     
 1 culpa	вина	     
 1 cum extracto	с экстрактом	     
 1 cumulo: are I	достигать	     
 1 cumulo: are I	складывать	     
 1 cum	вместес	     
 1 cum	когда	     
 1 cum	с	     
 1 cuneiformis	клиновидный	     
 1 curatio: onis f	забота	     
 1 curatio: onis f	забота (о больном	     
 1 curatio: onis f	лечени	     
 1 curatio: onis f	попечение	     
 1 curatio: onis f	ребенке)	     
 1 curativus	лечебный	     
 1 cura	забота	     
 1 curo: are I	заботиться	     
 1 curo: are I	лечить	     
 1 curriculum	бег	     
 1 cursus: us	курс	     
 1 cursus: us	прохождение	     
 1 cursus: us	путь	     
 1 curvatura	кривизна	     
 1 cuspis: idis f	острие	     
 1 cuspis: idis f	створка	     
 1 cutaneus	кожный	     
 1 cuticula	кожица	     
 1 cuticula	кутикула	     
 1 cutis: is f	кожа	     
 1 cyanidum	цианид	     
 1 -cyclin-	антибиотики-производные тетрацикилна	     
 1 cysta	киста	     
 1 cysticus	относ. к мочевому/желчному пузырю	     
 1 cysticus	пузырный	     
 1 cystosus	кистозный	     
 1 cyst-, vesica urinaria	пузырь мочевой	     
 1 cyst-	мешок	     
 1 cyst-	пузырь	     
 1 -cytosis	увеличение кол-ва (клеток крови)	     
 1 -cyt-	клетка	     
 1 dacry-, lacrima	слеза	     
 1 dacryocyst-, saccus lacrimalis	слезный мешок	     
 1 dactinomycinum	дактиномицин	     
 1 deciduus	молочный (зуб)	     
 1 decimus	десятый	     
 1 decoctum	отвар	     
 1 decubitus: us	пролежень	     
 1 decursus morbi et exitus	течение болезни и исход	     
 1 decussatio: onis f	перекрест	     
 1 de-, des-, se-	отделение	     
 1 de-, des-, se-	удаление	     
 1 deferens	относящий	     
 1 degeneratio	вырождение	     
 1 delirium	бред	     
 1 dens caninus	клык	     
 1 dens deciduus	зуб молочный	     
 1 dens incisivus	резец	     
 1 dens molaris	зуб большой коренной	     
 1 dens molaris	моляр	     
 1 dens: ntis m	зуб	     
 1 dens permanens: entis	зуб постоянный	     
 1 dens premolaris	зуб малый коренной	     
 1 dens premolaris	премоляр	     
 1 dens serotinus	зуб мудрости	     
 1 dentalis	зубной	     
 1 depilatio	удаление волос	     
 1 depuratus	очищенный (тв.)	     
 1 -derma, derm(at)-	кожа	     
 1 desinfectio	обеззараживание	     
 1 -desis	неподвижности создание	     
 1 -desis	укрепление	     
 1 -desis	фиксация	     
 1 desoxycorticosteronum	дезоксикортикостерон	     
 1 destillatus	дистиллированный	     
 1 dexter: tra trum	правый	     
 1 diabetes: ae m	диабет	     
 1 diabeticus	диабетический	     
 1 diaethylstilboestrolum	диэтилстильбэстрол	     
 1 diagnosis	распознование	     
 1 dialysis	отделение веществ	     
 1 dialysis	разделение	     
 1 diameter: tri f	диаметр	     
 1 diameter: tri f	поперечник	     
 1 diaphragma: atis n	диафрагма	     
 1 diaphysis	диафиз	     
 1 diarrhoea	понос	     
 1 diazolinum	диазолин	     
 1 dibazolum	дибазол	     
 1 dibiomycinum	дибиомицин	     
 1 dichlothiazidum	дихлотиазид	     
 1 diencephalon	мозг промежуточный	     
 1 diffusus	диффузный	     
 1 digitalis: is f	наперстянка	     
 1 digitus anularis	палец безымянный	     
 1 digitus: i	палец	     
 1 digitus medius	палец средний	     
 1 digitus minimus	мизинец	     
 1 dignus	достойный	     
 1 dilatatio: onis f	расширение	     
 1 dilutus	разведенный	     
 1 dimedrolum	димедрол	     
 1 diprophyllinum	дипрофиллин	     
 1 discupulus	ученик	     
 1 dis-, dia-	разделение	     
 1 dissiminatia	дессиминация	     
 1 dissiminatia	распространение возбудителя/болезни	     
 1 dissiminatia	рассеивание	     
 1 distalis	дистальный	     
 1 disuria	нарушение мочеиспускания	     
 1 diureticus	мочегонный	     
 1 divisus	разделенный	     
 1 doctor: oris m	наставник	     
 1 doctor: oris m	преподаватель	     
 1 doctor: oris m	учитель	     
 1 do: dare I	выдавать	     
 1 do: dare I	давать	     
 1 dolich-	длинный	     
 1 dolich-	удлиненный	     
 1 dolor: oris m	боль	     
 1 donum	дар	     
 1 donum	подарок	     
 1 dopa	дофа	     
 1 dorsalis	дорсальный	     
 1 dorsalis	спинной	     
 1 dorsalis	тыльный	     
 1 dorsum	спина	     
 1 dorsum	спинка	     
 1 dorsum	тыл	     
 1 dosis: is f	доза	     
 1 dragee: не скл	драже	     
 1 dubium	сомнение	     
 1 ductus: us	проток	     
 1 dulcis, glyc-, gluc-	сахара наличие	     
 1 dulcis, glyc-, gluc-	сладкий	     
 1 dulcis	сладкий	     
 1 duodecim	двенадцать	     
 1 duodenum	кишка двенадцатиперстная	     
 1 duo	два	     
 1 dura mater: matris f	оболочка твердая головного мозга	     
 1 durus	плотный	     
 1 durus	твердый	     
 1 dynam-, -dynamia	сила	     
 1 dynam-, -dynamia	усилие	     
 1 dystonia	нарушение тонуса	     
 1 dys-	расстройство	     
 1 -ectasia, -ectasis	растяжение	     
 1 -ectasia, -ectasis	расширение	     
 1 -ectasia, -ectasis	эктазия полого органа	     
 1 -ectomia	вырезание	     
 1 -ectomia	иссечение	     
 1 -ectomia	удаление	     
 1 ectopia	врожденное смещение органа	     
 1 eczema: atis n	экзема (лишай)	     
 1 elixir: iris m	эликсир	     
 1 embolia	эмболия (закупорка)	     
 1 -emet-, -vomit-	противорвотные	     
 1 emissarium	выпускник (выводящий канал)	     
 1 emphysema: atis n	эмфизема	     
 1 emplastrum	пластырь	     
 1 emulsum	эмульсия	     
 1 encephalon	мозг головной	     
 1 enter-, intestina (pl)	кишечник	     
 1 enter-	кишка	     
 1 entropion	/>заворот века	     
 1 ephedrinum	эфедрин	     
 1 epigastrium	надчревье	     
 1 epiglottis	надгортанник	     
 1 epithelium	эпителий	     
 1 erg-, -ergia, -urgia	действие	     
 1 erg-, -ergia, -urgia	деятельность	     
 1 erg-, -ergia, -urgia	работа	     
 1 eruptio: onis f	высыпание	     
 1 eruptio: onis f	сыпь	     
 1 erythromycinum	эритромицин	     
 1 erythr-	красный	     
 1 erythr-	относ. к эритроцитам	     
 1 ethmoidalis	решетчатый	     
 1 eucalyptus: i f	эвкалипт	     
 1 euphyllinum	эуфиллин	     
 1 eupnoe	нормальное дыхание	     
 1 eurhythmia	привильный ритм	     
 1 -eurynter	инструмент для расширения	     
 1 -eurysis	расширение органа	     
 1 eu-	норма	     
 1 eu-	правильный	     
 1 eu-	хороший	     
 1 ex aqua	из воды	     
 1 exceptio: onis f	исключение	     
 1 excretorius	внешнесекреторный	     
 1 ex-, ec-	вовне	     
 1 ex-, ec-	из	     
 1 exemplar: aris n	пример	     
 1 exemplar: aris n	экземпляр	     
 1 exemplum	пример	     
 1 exitus letalis	смертельный исход	     
 1 exoglossia	увеличение языка с выступанием из рта	     
 1 exostosis	костный нарост	     
 1 experimentum	научный опыт	     
 1 experimentum	эксперимент	     
 1 exsiccatus	высушенный	     
 1 exstirpatio: onis f	искоренение	     
 1 exstirpatio: onis f	экстирпация	     
 1 ex tempore	по мере требования	     
 1 externus	наружный	     
 1 extractum	экстракт	     
 1 extra-, extero-, ecto-, exo-	вне-	     
 1 extra-, extero-, ecto-, exo-	снаружи	     
 1 extrasystole: es f	экстрасистола	     
 1 extremitas: atis f	конец	     
 1 facialis	лицевой	     
 1 facies: ei f	поверхность	     
 1 facile	легко	     
 1 factitius	искусственный	     
 1 falsus	ложный	     
 1 falsus	фальшивый	     
 1 farfara	мать-и-мачеха	     
 1 fascia	фасция	     
 1 fasciculus atrioventricularis	Гиса пучок	     
 1 fasciculus cuneatus	Бурдаха пучок	     
 1 fasciculus gracilis	Голля пучок	     
 1 fasciculus longitudinalis dorsalis	Бехтерева пучок	     
 1 fauces: ium (pl)	зев	     
 1 febris: is f	лихорадка	     
 1 Fe	ferrum	     
 1 felicitas: atis f	счастье	     
 1 femina, gyn(aec)-	женский	     
 1 femina, gyn(aec)-	женщина	     
 1 femina	женщина	     
 1 femininus	женский	     
 1 femur: oris n	бедро	     
 1 -fer, -phor	несущий	     
 1 F	fluorum, phthorum	     
 1 fibra	волокно	     
 1 fibrinosus	лихорадочное	     
 1 fibroma: atis n	фиброма	     
 1 fibrosis: is f	фиброзное перерождение	     
 1 fibrosus	фиброзный	     
 1 fibularis	малоберцовый	     
 1 fibula	малоберцовая кость	     
 1 finio: ire IV	заканчивать	     
 1 fissura	борозда	     
 1 fissura	щель	     
 1 flavus	желтый	     
 1 flexura	изгиб	     
 1 -flog-, -phlog-	противовоспалительные	     
 1 florenalum	флореналь	     
 1 flos: floris m	цветок	     
 1 flos: oris m	цветок	     
 1 fluidus	жидкий (экстракт)	     
 1 foetor ex ore	дурной запах изо рта	     
 1 folium	лист	     
 1 follium	лист	     
 1 follium	листок	     
 1 fonticulus: i	родничок	     
 1 foramen: inis n	отверстие	     
 1 foramina zonularia	Петитовы канальцы	     
 1 formica	муравей	     
 1 formosus	красивый	     
 1 fornix: icis m	свод	     
 1 fossa	яма	     
 1 fossa	ямка (удлин.)	     
 1 fovea	ямка (кругл.)	     
 1 fractura	перелом	     
 1 frangula	крушина	     
 1 frenulum	уздечка	     
 1 frons: ntis f	лоб	     
 1 frontalis	лобный	     
 1 fructus: us	плод	     
 1 fundus: i	дно	     
 1 funiculus umbilicalis, omphal-	пуповина	     
 1 furacilinum	фурацилин	     
 1 furaginum	фурагин	     
 1 furazolidonum	фуразолидон	     
 1 furor: oris m	бешенство	     
 1 fuscus, melan-, neger	темный	     
 1 fuscus, melan-, neger	черный	     
 1 galact-, lac: lactis n	молоко	     
 1 galact-, lac: lactis n	молочный	     
 1 galanthus: i m	подснежник	     
 1 ganglion trigeminale	Гассеров узел	     
 1 ganglion	узел (нервный)	     
 1 gangraena	разъедающая язва	     
 1 gaster: tris f	желудок	     
 1 gastr-, -gastria	желудок	     
 1 gastricus	желудочный	     
 1 gaudium	радость	     
 1 gelatinosus	желатиновый	     
 1 gemma	почка	     
 1 -genia	челюсть нижняя	     
 1 geniohyoideus	подбородочно-подъязычный	     
 1 genitalis	половой	     
 1 genu: us n	колено	     
 1 -gen	вызванный	     
 1 -gen	вызывающий	     
 1 ger(i)-, geront-, senilis, senex: is m	сенильный	     
 1 ger(i)-, geront-, senilis, senex: is m	старик	     
 1 ger(i)-, geront-, senilis, senex: is m	старческий	     
 1 gingiva	десна	     
 1 glandulae tarsales (веки)	Мейбомиевые железы	     
 1 glandula parathyroidea	железа паращитовидная	     
 1 glandula parotidea, glandula parotis: tidis f	железа околоушная	     
 1 glandula parotis	околоушная железа	     
 1 glandularis	железистый	     
 1 glandula serbacea	железа сальная	     
 1 glandula sublingualis	железа подъязычная	     
 1 glandula submandibularis	железа поднижнечечелюстная	     
 1 glandula suprarenalis	надпочечник	     
 1 glandula thyroidea	железа щитовидная	     
 1 glandula	железа	     
 1 glomus: i	клубок	     
 1 gloss-, -glossia	язык	     
 1 gluteus	ягодичный	     
 1 -gnath-, -gnathia	челюсть	     
 1 -gnath-, -gnathia	челюсть верхняя	     
 1 -gnosia, -gnosis	знание	     
 1 -gnosia, -gnosis	узнавание	     
 1 -gnost-	диагностические	     
 1 gon-	колено	     
 1 gradus: us	шаг	     
 1 -graf-, -graph-, -trast-	диагностические	     
 1 -graf-, -graph-, -trast-	рентгеноконтрастные	     
 1 -gramma	изображение (результат)	     
 1 granulationes arachnoideae	Пахионовы грануляции	     
 1 granum	зерно	     
 1 -graphia	записывание	     
 1 -graphia	изображение (процесс)	     
 1 gravida	беременная	     
 1 graviditas abdominalis	внематочная беременность	     
 1 graviditas: atis f	беременность	     
 1 grossus	крупный	     
 1 gutta	капля	     
 1 gyri transversae temporales	Гешля извилины	     
 1 gyrus: i	извилина	     
 1 habitus aegroti	общий вид больного	     
 1 habitus: us	вид	     
 1 habitus: us	внешность	     
 1 habitus: us	наружность	     
 1 hallus: ucis m	палец большой стопы	     
 1 helianthus: i m	подсолнечник	     
 1 -helm-, -helmint-, -verm-	противоглистные	     
 1 hemi-, semi-	односторонний	     
 1 hemi-, semi-	половинный	     
 1 hemi-, semi-	полу-	     
 1 hepar: atis n	печень	     
 1 hepaticus	печеночный	     
 1 herba	трава	     
 1 heroicus	сильнодействующее	     
 1 heter-	непохожий	     
 1 heter-	разный	     
 1 Hg	hydrargyrum	     
 1 H	hydrogenium	     
 1 hidr-, sudor: oris m	пот	     
 1 hierochloe	зубровка	     
 1 hippophae: es f	облепиха	     
 1 hirudo: inis f	пиявка	     
 1 hist(o)-, textus	ткань	     
 1 hom(e)-	одинаковый	     
 1 hom(e)-	тождественный	     
 1 homo: hominis m	человек	     
 1 hostis: is m	враг	     
 1 humerus: i	плечевая кость	     
 1 humus: i f	земля	     
 1 humus: i f	почва	     
 1 hydr-, aqua	вода	     
 1 hydr-, aqua	жидкость	     
 1 hydr-, humor: oris m	жидкость	     
 1 hydricus	водный	     
 1 hydro-	кислая соль	     
 1 hydr-	вода	     
 1 hydr-	водород	     
 1 hyoideus	подъязычный (кость)	     
 1 hyper-, epi-, extra-, extero-	верх	     
 1 hyper-, epi-, extra-, extero-	выше	     
 1 hyper-, epi-, extra-, extero-	над	     
 1 hypericum	зверобой	     
 1 hypogastrium	подчревье	     
 1 hypoglossus	подъязычный (нерв)	     
 1 hyster-, metr-, -metra, -metrium	матка	     
 1 -iatria, -therapia, sanatio: onis f	лечение	     
 1 ichthyolum	ихтиол	     
 1 icterus: i	желтуха	     
 1 -ide, -phor	похожий на	     
 1 I	iodum	     
 1 ileum	кишка подвздошная	     
 1 ileus: i	непроходимость кишечная	     
 1 ileus: i	непроходимость кишечника	     
 1 iliacus	подвздошный	     
 1 imminens: entis	угрожающий	     
 1 immunitas	иммунитет	     
 1 immunitas	невосприимчивость	     
 1 impotentia	бессилие	     
 1 impressio: onis f	вдавление	     
 1 imus: a um	на самой глубине	     
 1 in-, a-, an-	нет	     
 1 in-, a-, an-	отрицание	     
 1 in ampullis	в ампулах	     
 1 inaniter	напрасно	     
 1 in capsulis amylaceis	в крахмальных капсулах	     
 1 in capsulis gelatinosis	в желатиновых капсулах	     
 1 in capsulis	в капсула	     
 1 incertus	неверный	     
 1 incipiens: entis	начинающийся	     
 1 incisivus	резцовый	     
 1 incisura	вырезка	     
 1 incompletus	неполный	     
 1 incretorius	внутреннесекреторный	     
 1 index: icis m	палец указательный	     
 1 indivisus	неразделенный	     
 1 induratus	уплотненный	     
 1 in-, en-	в	     
 1 in-, en-	на что	     
 1 infans: ntis m/f	дитя	     
 1 infans: ntis m/f	ребенок	     
 1 infantilisums	задержка развития	     
 1 infantilis	детский	     
 1 infantilis	инфантильный	     
 1 infarctus: us	инфаркт	     
 1 infectio: onis f	инфекция	     
 1 infectiosus	инфекционный	     
 1 inferior: ius	нижний	     
 1 infrahyoideus	подподъязычный	     
 1 infraorbitalis	подглазничный	     
 1 infrascapularis	подлопаточный	     
 1 infra-, sub-, hypo-	ниже	     
 1 infra-, sub-, hypo-	под	     
 1 infusum	настой	     
 1 ingenium	способность	     
 1 ingenium	талант	     
 1 inhalatio: onis f	ингалация	     
 1 injectio: onis f	инъекция	     
 2 innocens: entis	безвредный	     
 1 innocens	безвредный	     
 1 in oblatis	в облатках	     
 1 insanabilis	неизлечимый	     
 1 insania	безумие	     
 1 insanus	безумный	     
 1 in situ	локальный	     
 1 in spritz-tubulis	в шприц-тюбиках	     
 1 instantia	настойчивость	     
 1 instantia	усердие	     
 1 insufficientia	недостаточность	     
 1 insulinum	инсулин	     
 1 in tabulettis obductis	в таблетках	     
 1 in tabulettis obductis	покрытых оболочкой	     
 1 in tabulettis	в таблетках	     
 1 integer: gra grum	невредимый	     
 1 integer: gra grum	неповрежденный	     
 1 integratio: onis f	возобновление	     
 1 integratio: onis f	восстановление	     
 1 inter costas	между ребрами	     
 1 interdum	иногда	     
 1 inter-, meso-, dia-	между	     
 1 intermittens: entis	интермиттирующий	     
 1 intermittens: entis	перемежающийся	     
 1 internus	внутренний	     
 1 intestinalis	кишечный	     
 1 intestinum tenue	кишка тонкая	     
 1 intestinum	кишка	     
 1 intra-, intro-, endo-, ento-	внутри-	     
 1 in vitro nigro	в темной склянке	     
 1 in vitro	в лабораторных условиях	     
 1 in vitro	в пробирке	     
 1 in vivo	на живом организме	     
 1 -io-	йодсодержащие	     
 1 -io	процесс	     
 1 -io-	рентгеноконтрастные	     
 1 irascor: irasci	впасть в ярость	     
 1 iris: idis f	радужка	     
 1 irregularis	нерегулярный	     
 1 irrisor: oris m	насмешник	     
 1 ischiadicus	седалищный	     
 1 -ismus	свойство	     
 1 -ismus	факт	     
 1 -ismus	хроническое отравление	     
 1 -ismus	явление	     
 1 isotonicus	изотонический	     
 1 iso-	равный	     
 1 iso-	соразмерный	     
 1 ita	так	     
 1 -itis, inflammatio: onis f	воспаление	     
 1 -itis: -itidis f	воспаление	     
 1 jejum	кишка тощая	     
 1 judex: icis m	судья	     
 1 judicium	мнение	     
 1 judicium	суждение	     
 1 jugularis	яремный	     
 1 jugum	возвышение	     
 1 juniperus: i f	можжевельник	     
 1 juvenilis	ювенильный	     
 1 juvenilis	юношеский	     
 1 kanamycinum	канамицин	     
 1 kinem(at)-, kinet-, -kinesia	движение	     
 1 K	kalium	     
 1 lac: lactis n	молоко	     
 1 lacrimalis	слезный	     
 1 laesio: onis f	повреждение	     
 1 laesus	поврежденный	     
 1 laevomycetin	левомицетин	     
 1 lamina	пластинка	     
 1 lanolinum	ланолин	     
 1 lapar-	брюшной	     
 1 lapar-	живот	     
 1 lapar-	чрево	     
 1 lapsus: us	ошибка	     
 1 largus	обширный	     
 1 latens: entis	латентный	     
 1 latens: entis	скрытый	     
 1 lateralis	латеральный	     
 1 latitudo: onis f	ширина	     
 1 latus	широкий (фасция)	     
 1 laxans: ntis	слабительный	     
 1 -lax-, -purg-	слабительные	     
 1 lens: lentis f	хрусталик	     
 1 lente	медленно	     
 1 leonurus: i	пустырник	     
 1 letalis	смертельный	     
 1 levorinum	леворин	     
 1 libellus: i	книжка	     
 1 libenter	охотно	     
 1 libera: era erum	свободный	     
 1 liber: bri m	книга	     
 1 liber: eru erum	свободный	     
 1 lidasum	лидаза	     
 1 lien: enis m	селезенка	     
 1 ligamentum	связка	     
 1 Li	lithium	     
 1 limphaticus	лимфатический	     
 1 lincomycinum	линкомицин	     
 1 linea	линия	     
 1 lingualis	язычный	     
 1 lingua	язык	     
 1 lingula	язычок	     
 1 linimentum	линимент	     
 1 linimentum	мазь жидкая	     
 1 linum	лен	     
 1 lip-, adeps: ipis m	жир	     
 1 liquidus	жидкий (не экстракт)	     
 1 liquor ammonii anisatus	капли анисово-нашатырные	     
 1 liquor: oris m	жидкость (спинномозговая)	     
 1 lith-, calcus: i	камень (конкремент)	     
 1 lithiasis: is f	камнеобразование	     
 1 lithiasis: is f	литиаз	     
 1 -lithiasis,	камень (болезнь)	     
 1 lobulus: i	долька	     
 1 lobus: i	доля	     
 1 localis	локальный	     
 1 localis	местный	     
 1 locus	место	     
 1 -logia	наука	     
 1 -log-	речь	     
 1 -log-	слово	     
 1 longitudenalis	продолный	     
 1 longitudenalis	продольный	     
 1 longus	длинный	     
 1 longus	удлиненный	     
 1 lumbalis	поясничный	     
 1 lumbi: (pl)	поясница	     
 1 lusus: us m	забава	     
 1 lusus: us m	игра	     
 1 luteus, xanth-	желтый	     
 1 lux: lucis f	свет	     
 1 lympha	лимфа	     
 1 -lysis, -lyt-	освобождение органа	     
 1 -lysis, -lyt-	разрушение	     
 1 -lysis, -lyt-	растворение	     
 1 macr-	крупный	     
 1 magister: tri m	наставник	     
 1 magister: tri m	учитель	     
 1 magistra	учительница	     
 1 magnus	большой (непарный)	     
 1 major: us/>большой	большой (парный)	     
 1 -malacia	маляция	     
 1 -malacia	размягченность	     
 1 malignus	злокачественный	     
 1 malum	зло	     
 1 malus	плохой	     
 1 -mal-	снотворные	     
 1 -mal-	успокаивающие	     
 1 mamma	железа молочная	     
 1 mandibularis	нижнечелюстной	     
 1 mandibula	нижняя челюсть	     
 1 manubrium	рукоятка	     
 1 manuscriptum	рукопись	     
 1 manus: us f	кисть	     
 1 mare: is n	море	     
 1 margo: inis m	край	     
 1 mas: maris m	мужчина	     
 1 massa pilularum	пилюльная масса	     
 1 massa	масса	     
 1 mastoideus	сосцевидный	     
 1 mast-	молочная железа	     
 1 maturus	зрелый	     
 1 maxillaris	верхнечелюстной	     
 1 maxilla	верхняя челюсть	     
 1 maximus	наивысший (наибольший)	     
 1 meatus: us	проход	     
 1 meatus: us	ход	     
 1 medialis	медиальный	     
 1 medianus	срединный	     
 1 medicamentum, pharmacon, remedium	лекарство	     
 1 medicatus	медицинский	     
 1 medicina	медицина	     
 1 medicus	врач	     
 1 medius	средний	     
 1 medulla oblongata	мозг продолговатый	     
 1 medulla ossium	мозг костный	     
 1 medullaris	мозговой	     
 1 medulla spinalis	мозг спинной	     
 1 medulla	мозг	     
 1 megal-, -megali(a)	большой	     
 1 megal-, -megali(a)	увеличенный	     
 1 melior: ius	лучший	     
 1 mel: mellis n	мед	     
 1 mel-	щека	     
 1 membranaceus	перепончатый	     
 1 membrum	конечность	     
 1 membrum	член	     
 1 memoria	память	     
 1 meninx: ngis f	оболочка мозговая	     
 1 meniscus: i	мениск	     
 1 -menorrhoea	месячные	     
 1 mensis: is f	месяц	     
 1 mens: mentis f	ум	     
 1 mentalis	подбородочный	     
 1 mentha piperita	мята перечная	     
 1 mentholum	ментол	     
 1 mentum, -genia	подбородок	     
 1 -merc-	препараты ртути	     
 1 mesencephalon: i	мозг средний	     
 1 mesocolon	брыжейка ободочной кишки	     
 1 mesogastrium	брыжейка желудка	     
 1 metacarpus: i	пясть	     
 1 metatarsus: i	плюсна	     
 1 metathalamus	часть мозга позади зрительного бугра	     
 1 meta-	переход	     
 1 metencephalon: i	мозг задний	     
 1 methacinum	метацин	     
 1 methylandrostendiolum	метиландростендиол	     
 1 methylenum coeruleum	метиленовый синий	     
 1 methylii salicylas	метилсалицилат	     
 1 methyloestradiolum	метилэстрадиол	     
 1 methyluracilum	метилурацил	     
 1 meth-	метил	     
 1 -metr-, -metria	измерение	     
 1 metus: us m	боязнь	     
 1 metus: us m	опасение	     
 1 metus: us m	страх	     
 1 Mg	magnesium	     
 1 microiodum	микройод	     
 1 -micr	маленький	     
 1 -micr	малый	     
 1 midicinalis	медицинский	     
 1 migrans: antis	блуждающий	     
 1 migrans: antis	мигрирующий	     
 1 millefolium	тысячелистник	     
 1 minimus	наименьший	     
 1 minor: us	маленький (парный)	     
 1 miraculum	чудо	     
 1 misceo: ere II	смешивать	     
 1 miseria	несчастье	     
 1 mitosis: is f	митоз	     
 1 mixtura	микстура	     
 1 -mnesia	память	     
 1 Mn	manganum	     
 1 mobilis	подвижный	     
 1 molaris	молярный (большой коренной)	     
 1 mollis, lept-, pius	мягкий	     
 1 mollis, lept-, pius	нежный	     
 1 mollis, lept-, pius	тоникй	     
 1 mollis	мягкий	     
 1 monomycinum	мономицин	     
 1 morph-, forma	вид	     
 1 morph-, forma	строение	     
 1 morph-, forma	форма	     
 1 morphinum	морфин	     
 1 -morph-	наркотики	     
 1 -morph-	снотворные	     
 1 mors: mortis f	смерть	     
 1 mortalitas alta	высокая смертность	     
 1 mos: moris m	нрав	     
 1 mos: moris m	обычай	     
 1 mucosa	слизистая (сущ. оболочка)	     
 1 mucosus	слизистый	     
 1 mulier: eris f	женщина	     
 1 mundus: i	мир	     
 1 mundus: i	мироздание	     
 1 munus: eris n	дар	     
 1 musculus abductor	мышца отводящая	     
 1 musculus adductor	мышца приводящая	     
 1 musculus buccinator	мышца щечная	     
 1 musculus constructor	мышца-конструктор (сжиматель)	     
 1 musculus corrugator	мышца сморщивающая	     
 1 musculus cremater	мышца поднимающая яичко	     
 1 musculus depressor	мышца опускающая	     
 1 musculus dilatator	мышца расширяющая	     
 1 musculus extensor	мышца-разгибатель	     
 1 musculus flexor	мышца-сгибатель	     
 1 musculus: i	мышца	     
 1 musculus levator	мышца поднимающая	     
 1 musculus masseter: eris m	мышца жевательная	     
 1 musculus pronator	мышца-пронатор	     
 1 musculus rotator: oris m	мышца вращающая	     
 1 musculus sphincter	мышца-сфинктер	     
 1 musculus supinator	мышца-супинатор	     
 1 musculus tensor	мышца напрягающая	     
 1 -mycin-	антимикробные антибиотики гриба Streptomyces	     
 1 -myco-, -fung-	противогрибковое	     
 1 myelosanum	миелосан	     
 1 -myel-	мозг	     
 1 -myel-	мозговое вещество	     
 1 -myel-	спинной мозг	     
 1 mylohyoideus	челюстно-подъязычный	     
 1 my(os)-, -mysium	мышечный	     
 1 my(os)-, -mysium	мышца	     
 1 Na	natrium	     
 1 naphthyzinum	нафтизин	     
 1 -naphth-	производные нефти	     
 1 narcosis: is f	наркоз	     
 1 nasalis	носовой	     
 1 nasus: i	нос	     
 1 naturalis	естественный	     
 1 naturalis	натуральный	     
 1 natura	природа	     
 1 necessarius	необходимый	     
 1 necr-	мертвый	     
 1 necr-	относ. к трупу	     
 1 nemo: inis	никто	     
 1 neodicumarinum	неодикумарин	     
 1 neomycinum	неомицин	     
 1 neonatus: i	новорожденный	     
 1 neoplasma: atis n	неоплазма	     
 1 neoplasma: atis n	опухоль	     
 1 neo-	молодой	     
 1 neo-	новый	     
 1 nephrosis: is f	нефроз (дегенер. забол. поч. канальцев)	     
 1 nephr-	почка	     
 1 nervosus	нервный	     
 1 nervus: i	нерв	     
 1 neurosis: is f	невроз	     
 1 nicotinum	никотин	     
 1 niger: gra grum	черный	     
 1 nisi	если не	     
 1 nitens: entis	блестящий	     
 1 nitroglycerinum	нитроглицерин	     
 1 N	nitrogenium	     
 1 nocens: entis	вредный	     
 1 nodulus: i	узелок	     
 1 nodus atrioventricularis	Ашоффа-Тавары узел	     
 1 nodus: i	узел	     
 1 nodus sinuatrialis	Киса-Флека узел	     
 2 nomen: inis n	имя	     
 1 nomen: inis n	название	     
 1 non specificus	не специфичный	     
 1 nonus	девятый	     
 1 non	не	     
 1 norsulfazolum	норсульфазол	     
 1 nos-, morbus: i	болезнь	     
 1 no-spa	ношпа	     
 1 noster	наш	     
 1 nos	мы	     
 1 notus	известный	     
 1 novem	девять	     
 1 novocainum	новокаин	     
 1 novomigrophenum	новомигрофен	     
 1 nucha	выя	     
 1 nucleus comissurae epithalamicae	Даркшевича ядро	     
 1 nucleus intersticialis	Кахаля ядро	     
 1 nucleus: i	ядро	     
 1 nucleus oculomotorius accessorius	Якубовича ядро	     
 1 nucleus pectoralis	Кларка ядро	     
 1 nucleus vestibularis inferior	Роллера ядро	     
 1 nucleus vestibularis lateralis	Дейтерса ядро	     
 1 nucleus vestibularis medialis	Швальбе ядро	     
 1 nucleus vestibularis superior	Бехтерева ядро	     
 1 nullus	никакой	     
 1 numerus: i	число	     
 1 nunquam	никогда	     
 1 nutricius	питательный	     
 1 nystatinum	нистатин	     
 1 obductus	покрытый оболочкой	     
 1 oblata	крахмальная капсула	     
 1 obliquus	косой	     
 1 obliterans	облитерирующий	     
 1 observatio: onis f	наблюдение	     
 1 occipitalis	затылочный	     
 1 occiput: itis n	затылок	     
 1 occlusio: onis f	закупорка	     
 1 octavus	восьмой	     
 1 octoestrolum	октоэстрол	     
 1 octo	восемь	     
 1 oculus: i	зрение	     
 1 oculus: i	отверстие	     
 1 oculus: i	устье	     
 1 odont-, -odontia	зуб	     
 1 odor: oris m	запах	     
 1 oedema: atis n	отек	     
 1 oesophageus	пищеводный	     
 1 oesophagus: i	пищевод	     
 1 -oestr-	препараты женских половых гормонов и синтет. аналоги	     
 1 -oestr-	эстрогенные	     
 1 officina	аптека	     
 1 officina	мастерская	     
 1 officium	обязанность	     
 1 oleandomycinum	олеандомицин	     
 1 olecranon	олекранон (локтевой отросток)	     
 1 oleosus	в масле	     
 1 oleosus	масляный	     
 1 oleum Helianthi	подсолнечное масло	     
 1 oleum Olivarum	оливковое масло	     
 1 oleum persicorum	персиковой масло	     
 1 oleum Ricini	касторовое масло	     
 1 oleum Ricini	масло клещевины	     
 1 olig-	недостаточный	     
 1 olig-	незначительный	     
 1 oliva	маслина	     
 1 oliva	олива	     
 1 olivomycinum	оливомицин	     
 1 -omatosia	увеличение опухолей	     
 1 omen: inis n	знак	     
 1 omen: inis n	примета	     
 1 omphal-, umbilicus: i	пупок	     
 1 onc-, -oma, tumor: oris m	вздутие	     
 1 onc-, -oma, tumor: oris m	опухоль	     
 1 onych-, -onychia, unguis: is m	ноготь	     
 1 oo-, ovum	яйцеклетка	     
 1 oo-, ovum	яйцо	     
 1 oophor-	яичник	     
 1 O	oxygenium	     
 1 operatio: onis f	действие	     
 1 operatio: onis f	дело	     
 1 operatio: onis f	хирургическое вмешательство	     
 1 opinio: onis f	взгляд	     
 1 opinio: onis f	мнение	     
 1 opinio: onis f	представление	     
 1 opticus	зрительный	     
 1 -op(t)-, ophtalm-, -ophtalmia, -op(s)ia, -opt(ic)-, visus: us	зрение	     
 1 opus: eris n	деятельность	     
 1 opus: eris n	занятие	     
 1 opus: eris n	работа	     
 1 opus: eris n	труд	     
 1 orasum	ораза	     
 1 orbis: is m	круг	     
 1 -orchi-(a), orchidi-, orchidia, testis: is m	мужская половая железа	     
 1 -orex-	действующие на аппетит	     
 1 organismus: i	организм	     
 1 organum, organon	орган	     
 1 organum	орган	     
 1 origanum	душица	     
 1 origo: inis f	начало	     
 1 origo: inis f	происхождение	     
 1 orotas: atis m	оротат	     
 1 -or	инструмент	     
 1 osarsolum	осарсол	     
 1 -osis, -iasis	процесс или результат патологии	     
 1 -osis, poly-, -osus	много	     
 1 -osis, poly-, -osus	множетвенность	     
 1 -osis	избыток вещества	     
 1 -osis	наличие паразита	     
 1 os: oris n	рот	     
 1 os: ossis n	кость	     
 1 osseus	костный	     
 1 osteoma: atis n	остеома	     
 1 osteomyel-	костный мозг	     
 1 oste-	кость	     
 1 -osus	богатый	     
 1 -osus	характеризующий	     
 1 ot-, -otia, auris: is f	ухо	     
 1 ovarium	яичник	     
 1 oxacillinum-natrium: oxacillini-natrii	оксациллин	     
 1 oxacillinum	оксациллин	     
 1 oxacyanidum	оксацианид	     
 1 -oxia, oxy-, oxygenium	окисление	     
 1 -oxia, oxy-, oxygenium	относ. к кислороду	     
 1 oxydulatus	закисный	     
 1 oxydum	оксид	     
 1 oxylidinum	оксилидин	     
 1 oxytetracyclinum	окситетрациклин	     
 1 oxy-	кислота	     
 1 oxy-	кислый	     
 1 oxy-	присутствие кислорода	     
 1 pachy-	плотный	     
 1 pachy-	твердый	     
 1 paed(i)-, puer: eri m	дитя	     
 1 paed(i)-, puer: eri m	ребенок	     
 1 paeonia	пион	     
 1 palatinus	небный	     
 1 palatoglossus	небно-язычный	     
 1 palatum	небо	     
 1 palpebra	веко	     
 1 palpitatio cordis	сердцебиение	     
 2 palpitatio: onis f	биение	     
 1 pancreas: atis n	железа поджелудочная	     
 1 pan-, pant-	весь	     
 1 pan-, pant-	все (целиком)	     
 1 pantocidus: i n	пантоцид	     
 1 pantothenas: atis m	пантотенат	     
 1 papaverinum	папаверин	     
 1 papillaris	сосочковый	     
 1 papilla	сосочек	     
 1 paraacusia	ошибочное или извращенное восприятие слуховое	     
 1 paraaesthesia	ложное ощущение	     
 1 paraliticus	паралитический	     
 1 paralysis: is f	паралич	     
 1 parametrium/>околоносовой	околоматочная клетчатка	     
 1 paresis: is f	паралич неполный	     
 1 paresis: is f	парез	     
 1 paries: etis m	стенка	     
 1 parietalis	теменной	     
 1 pars: partis m	часть	     
 1 parvus	маленький (непарный)	     
 1 pasta	паста	     
 1 patella	надколенник	     
 1 pater: tris m	отец	     
 1 path-, -pathia, morbus: i	заболевание	     
 1 patria	отечество	     
 1 patria	родина	     
 1 pax: pacis f	мир	     
 1 Pb	plumbum	     
 1 pelvicus	тазовый	     
 1 pelvis renalis	лоханка почечная	     
 1 pelvis	таз	     
 1 -penia	недостаток	     
 1 -penia	уменьшение количества (кров. телец)	     
 1 pentoxylum	пентоксил	     
 1 pepsinum	пепсин	     
 1 -peps-	регулирующие пищеварение	     
 1 pereo: ire	исчезать	     
 1 perfectus	совершенный	     
 1 perforatio	перфорация	     
 1 perforatio	прободение	     
 1 pericranium	наружная надкостница черепа	     
 1 periculosus	опасный	     
 1 periculosus	рискованный	     
 1 periculum	опасность	     
 1 perinaeum	пах	     
 1 perinaeum	промежность	     
 1 per inhalationem	посредством ингаляции	     
 1 periosteum	надкостница	     
 1 peritonealis	брюшинный	     
 1 periton	брюшной	     
 1 per os	через рот	     
 1 peroxydum	пероксид	     
 1 per rectum	через прямую кишку	     
 1 per se	в чистом виде	     
 1 persicum	персик	     
 1 persistens	персистирующий	     
 1 persistens	продолжающий оставаться	     
 1 persona	лицо	     
 1 persona	личность	     
 1 pertubatio	продувание маточных труб	     
 1 pes: pedis m	стопа	     
 1 pessimus	наихудший	     
 1 pestis: is f	чума	     
 1 -pexia	прикрепление	     
 1 -pexia	фиксация	     
 1 phac-, -phakia	хрусталик	     
 1 phagocytosis: is f	фагоцитоз	     
 1 phag-, -phagia	поедание	     
 1 phag-, -phagia	пожирание	     
 1 phalanx: ngis f	фаланга	     
 1 pharmac-, medicamentum	лекарство	     
 1 phenacetinum	фенацетин	     
 1 phenazepamum	феназепам	     
 1 phenobarbitalum	фенобарбитал	     
 1 phenomenon	явление	     
 1 phenoxymethylpenicillinum	феноксиметилпенициллин	     
 1 phenylii salicylas	фенилсалицилат	     
 1 phen-	фенил	     
 1 philosophus: i	философ	     
 1 phil-, -philia	предрасположенность	     
 1 phil-, -philia	склонность	     
 1 phleb-	вена	     
 1 phob-, -phobia	боязнь	     
 1 phon-, -phonia, sonus: i	звук	     
 1 phrenic-	диафрагмальный	     
 1 phrenic-	относящ. к диафрагме	     
 1 phren-, -phrenia	душа	     
 1 phren-, -phrenia	разум	     
 1 phren-, -phrenia	ум	     
 1 -phren-, -tranqu-, -stress-	психоседативные	     
 1 -phren-, -tranqu-, -stress-	успокаивающие	     
 1 phthisis: is f	чесотка	     
 1 phthoracizinum	фторацизин	     
 1 phthorocortum	фторокорт	     
 1 phthorotanum	фторотан	     
 1 phthouracilum	фторурацил	     
 1 phyll-	лист	     
 1 pia mater: matris f	оболочка мягкая головного мозга	     
 1 pigritia	лень	     
 1 pilocarpinum	пилокарпин	     
 1 pilula	пилюля	     
 1 plantago: inis f	подорожник	     
 1 planta	подошва	     
 1 -plasia	образование	     
 1 -plasia	развитие (ткани органа)	     
 1 plastica	восстановительная операция	     
 1 plastica	пластика	     
 1 plastica	пластическая операция	     
 1 platyphyllinum	платифиллин	     
 1 platy-	плоский	     
 1 platy-	уплощенный	     
 1 platy-	широкий	     
 1 -plegia	поражение	     
 1 -plegia	удар	     
 1 pleura	плевра	     
 1 plexus: us	сплетение	     
 1 plica	складка	     
 1 pneum(al)-	воздух в органе	     
 1 pneumonia	воспаление легких	     
 1 pneumonia	пневмония	     
 1 pneum-, pneumon-	легкое	     
 1 -pnoea, spir-, -pnoe: es f	дыхание	     
 1 -pnoea, spir-, -pnoe: es f	дыхательный	     
 1 podophyllinum	подофиллин	     
 1 pod-, -podia	нога	     
 1 pod-, -podia	стопа	     
 1 -poesis	выработка чего-либо	     
 1 poli-	серый	     
 1 pollex: icis m	палец большой кисти	     
 1 pons: tis m	мост	     
 1 populus: i	народ	     
 1 porta, hilus: i	ворота	     
 1 porus: i	отверстие	     
 1 porus: i	пора	     
 1 posterior: ius	задний	     
 1 post-, meta-	позади	     
 1 post-, meta-	после	     
 1 post mortem	после смерти	     
 1 postnatalis	послеродовой	     
 1 potentia	мощь	     
 1 potentia	сила	     
 1 potestas: atis f	могущество	     
 1 potestas: atis f	сила	     
 1 P	phosphorus: i	     
 1 praemium	вознаграждение	     
 1 praemium	награда	     
 1 praesenilis	предстарческий	     
 1 praesens: entis	настоящий	     
 1 praeter	за исключением	     
 1 praxis: is f	практика	     
 1 precor	молить	     
 1 precor	упрашивать	     
 1 premolaris	премолярный (малый коренной)	     
 1 presente medico	в присутствии врача	     
 2 primarius	первичный	     
 1 primum	во-первых	     
 1 primum	прежде всего	     
 1 primus	первый	     
 1 prior: ius	предыдущий	     
 1 -privus	лиешнный чего-либо	     
 1 -privus	обусловленный удалением органа	     
 1 pro auctore	для автора	     
 1 probabilis	вероятный	     
 1 probabilis	правдоподобный	     
 1 processus: us	отросток	     
 1 proct-	задний проход	     
 1 pro die	на день	     
 1 pro die	суточная доза	     
 1 pro dosi	на один прием	     
 1 pro dosi	разовая доза	     
 1 profecto	действительно	     
 1 profecto	конечно	     
 1 prognosis bona	прогноз хороший	     
 1 prognosis dubia	прогноз сомнительный	     
 1 prognosis: is f	прогноз	     
 1 prognosis letalis	прогноз смертельный	     
 1 prognosis mala	прогноз плохой	     
 1 prognosis optima	прогноз очень хороший	     
 1 prognosis pessima	прогноз очень плохой	     
 1 pro infantibus	для детей	     
 1 pro injectionibus	для инъекций	     
 1 prolapsis	выпадение органа	     
 1 pro narcosi	для наркоза	     
 1 propionas: atis m	пропионат	     
 1 proprius	собственный	     
 1 pro rentgeno	для рентгена	     
 1 prosencephalon: i	мозг передний	     
 1 prostata	железа предстательная	     
 1 protuberantia	выступ	     
 1 proximalis	проксимальный	     
 1 prudenter	разумно	     
 1 pseud-	ложный	     
 1 pseud-	мнимый	     
 1 psoriasis: is f	кожная болезнь	     
 1 psoriasis: is f	псориаз	     
 1 psychosis: is f	психоз	     
 1 psych-, -psychia	душа	     
 1 psych-, -psychia	психика	     
 1 pterigoideus	крыловидный	     
 1 -ptosis	опущение	     
 1 pubes: is f	лобок	     
 1 publicus	общественный	     
 1 puer: eri m	мальчик	     
 1 puer: eri m	ребенок	     
 1 pulcher: chra chrum	прекрасный	     
 1 pulmonalis	легочный	     
 1 pulmo: onis m	легкое	     
 1 pulpa	мякоть	     
 1 pulpa	пульпа	     
 1 pulsus: sphygm-, -sphigmia	пульс	     
 1 pulveratus	порошковый	     
 1 pulvis: eris m	порошок	     
 1 pupilla	зрачок	     
 1 purificatus	очищенный (сыворотка)	     
 1 purus	чистый	     
 1 pyel-	лоханка (почечная)	     
 1 pyloricus	привратниковый	     
 1 pylorus: i	привратник	     
 1 pyocidum	пиоцид	     
 1 pyramis	пирамида	     
 1 -pyr(et)-, calor: oris m	жар	     
 1 -pyr(et)-, calor: oris m	огонь	     
 1 pyromecainum	пиромекаин	     
 1 -pyr-	антипиретик	     
 1 -pyr-	жаропонижающее	     
 1 qualis	какой	     
 1 quam	как	     
 1 quam	нежели	     
 1 quam	чем	     
 1 quantum satis	сколько нужно	     
 2 quartus	четвертый	     
 1 quasi	будто	     
 1 quasi	словно	     
 1 quaterni	по четыре	     
 1 quattuor	четыре	     
 1 quercus: us f	дуб	     
 1 quies: etis f	отдых	     
 1 quies: etis f	покой	     
 1 quilibet, quaelibet, quolibet	каждый	     
 1 quinque	пять	     
 2 quintus	пятый	     
 1 qui, quae, quod	какой	     
 1 qui, quae, quod	который	     
 1 quisquam, quidquam	кто-нибудь	     
 1 quisquam, quidquam	что-нибудь	     
 1 quivis, quaevis, quidvis	всякий	     
 1 quoque	также	     
 1 quoque	тоже	     
 1 quot	сколько	     
 1 rabies: ei f	бешенство	     
 1 radialis	лучевой	     
 1 radialis	радиальный	     
 1 radius: i	лучевая кость	     
 2 radix: icis f	корень	     
 1 ramus: i	ветвь	     
 1 rarus	редкий	     
 1 ratio: onis f	метод	     
 1 ratio: onis f	разум	     
 1 ratio: onis f	способ	     
 1 raunatinum	раунатин	     
 1 reanimatio	оживление	     
 1 recens: entis	свежий	     
 1 recessus: us	карман	     
 1 recessus: us	углубление	     
 1 recipio: ere III	взять	     
 1 recte	правильно	     
 1 recte	прямо	     
 1 rectificatus	очищенный	     
 1 rectum	кишка прямая	     
 1 rectus	прямой	     
 1 recurrens	возвратный	     
 1 refluxus: us	обратный ток	     
 1 refluxus: us	рефлюкс	     
 1 regio: onis f	область	     
 1 regula	правило	     
 1 reliquus	остальной	     
 1 remedium	средство	     
 1 ren: renis m	почка	     
 1 repeto: ere III	повторять	     
 1 resectio	полное удаление	     
 1 resectio	резекция	     
 1 respiratio	дыхание	     
 1 retinaculum	удерживатель	     
 1 retina	сетчатка	     
 1 retro-, re-	за	     
 1 retro-, re-	назад	     
 1 retrosternalis	загрудинный	     
 1 retroversio	наклонение назад	     
 1 retroversio	поворот назад	     
 1 rhachi-	столб позвоночный	     
 1 -rhagia	кровотечение (из органа)	     
 1 rhaphe: es f	шов (мягкие тк.)	     
 1 -rhaphia	шва наложение	     
 1 rheum	ревень	     
 1 -rhexis	разрушение(органа/сосуда)	     
 1 -rhexis	разрыв	     
 1 rhin-	нос	     
 1 rhizoma: atis n	корневище	     
 1 ribonucleasum	рибонуклеаза	     
 1 rodens: entis	разъедающий	     
 1 rosa	шиповник	     
 1 rotundus	круглый (не мышца/связка)	     
 1 -rrhoea	истечение жидкости	     
 1 -rrhoea	течение	     
 1 ruber: bra brum	красный	     
 1 rubor-tumor-calor-dolor et functio laesa	краснота-опухание-жар-боль и ухудшение функции (воспаление)	     
 1 rubus idaeus	малина	     
 1 ruptura	разрыв	     
 1 rutinum	рутин	     
 1 saccharum	сахар	     
 1 sacculus	мешочек	     
 1 saccus: i	мешок	     
 1 sacer: cra crum	крестцовый (кость)	     
 1 sacralis	крестцовый (не кость)	     
 1 sacrococcygeus	крестцово-копчиковый	     
 1 saepe	часто	     
 1 salazodimethoxinum	салазодиметоксин	     
 1 saliva, sial-, -sialia	слюна	     
 1 saliva, sial-, -sialia	слюнный	     
 1 salping-	труба	     
 1 saluber: bris bre	целебный	     
 1 salus: utis f	благополучие	     
 1 salus: utis f	здоровье	     
 1 saluzidum	салюзид	     
 1 salveo: ere II	здравствовать	     
 1 salvia	шалфей	     
 1 sanatio: onis f	излечение	     
 1 sanatio: onis f	оздоровление	     
 1 sanguineus	кровеносный	     
 1 sanguis: inis m	кровь	     
 1 -sang-	кровоостанавливающие	     
 1 sanitas: atis f	здоровье	     
 1 sanus	здоровый	     
 1 sapiens: entis	мудрый	     
 1 sapiens: entis	разумный	     
 1 sapo: onis m	мыло	     
 1 sarcoma: atis n	саркома (рак мезенхимы)	     
 1 satis	довольно	     
 1 satis	достаточно	     
 1 scapularis	лопаточный	     
 1 scapula	лопатка	     
 1 scatula	коробочка	     
 1 schis-, -schisis	раскалывание (органа)	     
 1 schis-, -schisis	расщепление	     
 1 schizandra	лимонник	     
 1 scientia	знание	     
 1 scientia	наука	     
 1 sclera	белочная оболочка глаза	     
 1 sclera	склера	     
 1 -sclerosis	уплотнение	     
 1 scler-	затвердение	     
 1 scler-	твердый	     
 1 -scopia	исследование инструментальное	     
 1 -scopia	осмотр инструментальный	     
 1 scopolaminum	скополамин	     
 1 scripto	написанный	     
 1 secretio	выделение	     
 1 sectio cesario	кесарево сечение	     
 2 secundarius	вторичный	     
 1 secundus	второй	     
 1 sedativus	седативный	     
 1 sedativus	успокоительный	     
 1 sedes morbi	место болезни	     
 1 sed	а	     
 1 sed	но	     
 1 -sed-	седативное	     
 1 -sed-	успокаивающее	     
 1 segmentum	сегмент	     
 1 semen: inis n	семя	     
 1 semper	всегда	     
 1 senectus: utis f	старость	     
 1 senex: senis m/f	старик	     
 1 senna	сенна	     
 1 separatio	отделение	     
 1 septem:	семь	     
 1 septicus	септический	     
 1 septimus	седьмой	     
 1 septum	перегородка	     
 1 -sept-	антисептик	     
 1 -sept-	обеззараживающее	     
 1 serotinus	поздний (зуб мудрости)	     
 1 serum	сыворотка	     
 1 seu	или	     
 1 sextus	шестой	     
 1 sexus: us m	пол	     
 1 sex	шесть	     
 1 se	себя	     
 1 siccus	сухой	     
 1 siderosis: is f	сидероз (отлож. солей железа)	     
 1 signo: are I	обозначить	     
 1 signum	знак	     
 1 signum	примета	     
 1 silvester: tris tre	лесной	     
 1 similis	похожий	     
 2 simplex: icis	простой	     
 1 simplicitas: atis f	простота	     
 1 sinister: tra trum	левый	     
 1 sinus: us	синус	     
 1 sinus venosus sclerae	Шлеммов канал	     
 1 sirupus: i	сироп	     
 1 Si	silicium	     
 1 situs: us m	положение	     
 1 sive	или	     
 1 skeleton	скелет	     
 1 solitudo: inis f	одиночество	     
 1 solubilis	растворимый	     
 1 solus	единственный	     
 1 solutio ammonii caustici	нашатырный спирт	     
 1 solutio: onis f	раствор	     
 1 -soma-, somat-	тело	     
 1 somn-, dorm-, hypn-, -brom-	снотворное	     
 1 somnus: i	сон	     
 1 soror: oris f	сестра	     
 1 spasmus: i	спазм	     
 1 spasmus: i	судорога	     
 1 spasticus	спастический	     
 1 spasticus	судорожный	     
 1 spatia anguli iridocornealis	Фонтановы пространства	     
 1 spatium	промежуток	     
 1 spatium	пространство	     
 1 species: ei f (pl)	сбор	     
 1 specificus	спецефичный	     
 1 spes: ei f	надежда	     
 1 sphenoidalis	клиновидный	     
 1 spinalis	спинно-мозговой	     
 1 spina	ость	     
 1 spirituosus	спиртовой	     
 1 spiritus	спирт	     
 1 splanchn-	внутренние органы	     
 1 splanchn-	внутренности	     
 1 splen-	селезенка	     
 1 spondyl-	позвонок	     
 1 spurius	ложный	     
 1 squama	чешуя	     
 1 squamosus	чешуйчатый	     
 1 S	sulfur: uris n	     
 1 stadium primum	первая стадия	     
 1 stadium secundum	вторая стадия	     
 1 stapes: edis m	стремя	     
 1 -stasis	застой	     
 1 statim	немедленно	     
 1 status presens	настоящее состояние (в момент обследования)	     
 1 sten-, -stenosis	стеноз	     
 1 sten-, -stenosis	сужение	     
 1 sten-, -stenosis	тесный	     
 1 sten-, -stenosis	узкий	     
 1 sterilisatus	стерилизованный	     
 1 steriliso:	стерилизовать	     
 1 sterilis	стерильный	     
 1 stipes: itis m	стебель	     
 1 stomachicus	желудочный (сбор	     
 1 stomachicus	таблетка)	     
 1 stom(at)-	рот	     
 1 -stomia	анастомоза наложение	     
 1 -stomia	отверстия наложение	     
 1 -stomia	свища наложение	     
 1 stratum	слой	     
 1 streptocidum	стрептоцид	     
 1 streptomycinum	стрептомицин	     
 1 stroma: atis n	остов	     
 1 stroma: atis n	строма	     
 1 strophantinum	строфантин	     
 1 strophantus: i m	строфант	     
 1 strychninum	стрихнин	     
 1 strychnos: i m	чилибуха	     
 1 stupor: oris m	остолбенение	     
 1 stupor: oris m	оцепенение	     
 1 stupor: oris m	ступор	     
 1 stylohyoideus	шило-глоточный	     
 1 subcutaneus	подкожный	     
 1 submucosus	подслизистый	     
 1 subtilis	мелкий	     
 1 sub-	основная соль	     
 2 succus: i	сок	     
 1 sudorifer: ere erum	потовый	     
 1 sudorifer: ere erum	потогонный	     
 1 sufficiens: entis	достаточный	     
 1 sulcus centralis (cerebrum)	Роландова борозда	     
 1 sulcus: i	борозда	     
 1 sulcus lateralis (cerebrum)	Сильвиева борозда	     
 1 sulfacilum	сульфацил	     
 1 sulfadimethoxinum	сульфадиметоксин	     
 1 sulfadimezinum	сульфадимезин	     
 1 sulfamonomethoxinum	сульфамонометоксин	     
 1 sulfapyridazinum	сульфапиридазин	     
 1 -sulfa-	антимикробные сульфаниламиды	     
 1 sum, esse	быть	     
 1 sum, esse	существовать	     
 1 supercilium	бровь	     
 1 superficialis	поверхностный	     
 1 superior: ius	верхний	     
 1 suppositorium	свеча	     
 1 suppositorium	скппозиторий	     
 1 suprahyoideus	надподъязычный	     
 1 suprascapularis	надлопаточный	     
 1 supremus	наивысший	     
 1 suspensio: onis f	суспензия	     
 1 sutura	шов (костный)	     
 1 suus	свой	     
 1 sympathicus	симпатический	     
 1 symphysis	симфиз	     
 1 symptoma: atis n	симптом	     
 1 symptomata et diagnosis	симптомы и диагноз	     
 1 synchondrosis	синхондроз	     
 1 syndromum	синдром	     
 1 synergismus	лекарственный синергизм	     
 1 synoestrolum	синестрол	     
 1 synthomycinum	синтомицин	     
 1 systema: atis n	система	     
 1 systole	систола	     
 1 tabes: is f	сухотка	     
 1 tabuletta obducta	таблетка покрытая оболочкой	     
 1 tabuletta	таблетка	     
 1 tach(y)-	быстрый	     
 1 tach(y)-	скорый	     
 1 tach(y)-	частый	     
 1 talcum	тальк	     
 1 tales	такие	     
 1 talis	такой	     
 1 talus: i	таранная кость	     
 1 tamen	однако	     
 1 tam	столь	     
 1 tanninum	танин	     
 1 tatracyclinum	тетрациклин	     
 1 tegmen: inis f	крыша	     
 1 telencephalon: i	мозг конечный	     
 1 tel(e)-	далекий	     
 1 tel(e)-	конец	     
 1 tel(e)-	отдаленный	     
 1 temporalis	височный	     
 1 tempus: oris, n	висок	     
 1 tempus: oris, n	время	     
 1 tendo: inis m	сухожилие	     
 1 tenia	лента	     
 1 tensio: onis f	давление	     
 1 tenuis	тонкий	     
 1 ten-	сухожилие	     
 1 teres: etis	круглый (мышца/связка)	     
 1 tero: III	тереть	     
 1 tertius	третий	     
 1 testosteronum	тестостерон	     
 1 tetraboras: atis m	тетраборат	     
 1 thalamus: i	зрительный бугор	     
 1 thalamus: i	таламус	     
 1 theobrominum	теобромин	     
 1 theophyllinum	теофиллин	     
 1 thermopsis: idis f	термопсис	     
 1 therm-, -thermia	теплый	     
 1 thiaminum	тиамин	     
 1 thiopentalum	тиопентал	     
 1 thiosulfas: atis m	тиосульфат	     
 1 -thio-	производные тиокислот	     
 1 -thio-	сера	     
 1 thymus: i	вилочковая железа	     
 1 thymus: i	тимус	     
 1 thymus	железа вилочковая	     
 1 thyreoidinum	тиреоидин	     
 1 thyrohyoideus	щитоподъязычный	     
 1 thyroideus	щитовидный	     
 1 -thyr-	влияющее на функцию щитовидной железы	     
 1 -thyr-	средство	     
 1 tibia	большеберцовая кость	     
 1 tilia	липа	     
 1 tinctura	настойка	     
 1 -tomia	вскрытие	     
 1 -tomia	рассечение	     
 1 -tom-	слой	     
 1 tonsilla	миндалина	     
 1 ton-, -tonia	напряжение	     
 1 ton-, -tonia	тонус	     
 1 -top-, locus: i	место	     
 1 totus	весь	     
 1 totus	целый	     
 1 toxicosis: is f	токсикоз	     
 1 tox-, -toxi(c)-, venenum	яд	     
 1 tox-, -toxi(c)-, venenum	ядовитый	     
 1 trachea	трахея	     
 1 trachel-, cervix: icis f	шейка матки	     
 1 trachoma: atis n	трахома	     
 1 tractus spinocerebellaris ventralis	Гаверса пучок	     
 1 tractus: us	путь	     
 1 tractus: us	тракт	     
 1 transfusio	переливание крови	     
 1 trans-, per-, dia-	пере-	     
 1 trans-, per-, dia-	пре-	     
 1 trans-, per-, dia-	через	     
 1 transplantatio	пересадка	     
 1 transversus	поперечный	     
 1 trapezoideus	трапециевидный	     
 1 trauma: atis n	травма	     
 1 traumaticus	травматический	     
 1 tredecim	тринадцать	     
 1 tres, tria	три	     
 1 trich-, -trichia	волос	     
 1 trigeminalis	тройничный	     
 1 triginta	тридцать	     
 1 trihydras: atis m	тригидрат	     
 1 triplex	тройноый	     
 1 triticum	пшеница	     
 1 tritus	терный	     
 1 trochanter: eris m	вертел	     
 1 trochlearis	блоковый	     
 1 trochlea	блок	     
 1 troph-, -tropia	питание	     
 1 trop-, -tropia	направленность (действия)	     
 1 truncus: i	ствол	     
 1 truncus: i	туловище	     
 1 tuba auditiva, salping-	труба слуховая	     
 1 tuba auditiva	Евстахиева труба	     
 1 tuba uterina, salping-	труба маточная	     
 1 tuba	труба	     
 1 tuberculosis: is f	туберкулез	     
 1 tuberculum auriculae	Дарвинов бугорок	     
 1 tuberculum intervenosum (правое предсердие)	Ловеров бугорок	     
 1 tuberculum	бугорок	     
 1 tuber: eris n	бугор	     
 1 tuberositas: atis f	бугристость	     
 1 tum	тогда	     
 1 tunica adventicia	оболочка адвентициальная	     
 1 tunica albuginea	оболочка белочная	     
 1 tunica fibrosa	оболочка фиброзная	     
 1 tunica mucosa	оболочка слизистая	     
 1 tunica muscularis	оболочка мышечная	     
 1 tunica serosa	оболочка серозная	     
 1 tunica spongiosa	оболочка губчатая	     
 1 tunica	оболочка	     
 2 tussis: is f	кашель	     
 1 tuto	безопасно	     
 1 tu	ты	     
 1 tympanum	барабан	     
 1 typhl-	слепая кишка	     
 1 ulcerosus	язвенный	     
 1 -ul, -cul, -ol, -ell, -ill	уменьшительно-ласкательные	     
 1 ulcus	язва	     
 1 ulnaris	локтевой	     
 1 ulna	локтевая кость	     
 1 ul-, ulo-	десна	     
 1 undecim	одиннадцать	     
 1 unguentum	мазь	     
 1 unus	один	     
 1 uran-	небо	     
 1 -ura	результат действия	     
 1 ureter: eris m	мочеточник	     
 1 urethra	мочеиспускательный канал	     
 1 urethra	уретра	     
 1 urgens: entis	неотложный	     
 1 urinarius	мочевой	     
 1 urtica	крапива	     
 1 ur-, -uresis, -uria, urina	моча	     
 1 -ur-	мочегонные	     
 1 usque (acc)	до	     
 1 usus: i	употребление	     
 1 uterinus	маточный	     
 1 uterus: i	матка	     
 1 ut	как	     
 1 ut	чтобы	     
 1 vacuum	пустота	     
 1 vaginalis	влагалищный	     
 1 vagina	влагалище	     
 1 valeo: ere II	быть здоровым	     
 1 valeo: ere II	быть сильным	     
 1 valeriana	валериана	     
 1 validolum	валидол	     
 1 valva atrioventricularis sinistra	Митральный клапан	     
 1 valvula sinus coronarii (правое предсердие)	Тебезиева заслонка	     
 1 valvula venae cavae inferioris (atrium dextrum)	Евстахиева заслонка	     
 1 valvula	заслонка	     
 1 varix: icis m/f	узел венозный (расширенная вена)	     
 1 -vas-, -angi-	сосудорасширяющее	     
 1 -vas-, -angi-	спазмолитик	     
 1 vaselinum	вазелин	     
 1 vasiculum	сосудец	     
 1 vasiculum	сосудик	     
 1 vasodilatator	сосудорасширитель	     
 1 vasodilatoris	сосудорасширяющий	     
 1 vastus	широкий (мышца)	     
 1 vas: vasis n	сосуд	     
 1 vegetatio: onis f	разращение	     
 1 velociter	быстро	     
 1 velociter	скоро	     
 1 velum	занавеска	     
 1 vel	или	     
 1 vel	либо	     
 1 vena portae	воротная вена	     
 1 vena	вена	     
 1 venenum	яд	     
 1 venosus	венозный	     
 1 venter: tris m	брюшко (мышцы)	     
 1 ventralis	вентральный	     
 1 ventriculus: i	желудок	     
 1 ventriculus: i	желудочек	     
 1 vernalis	весенний	     
 1 vertebralis	позвоночный	     
 1 vertebra	позвонок	     
 1 vertex: icis m	вершина	     
 1 vertex: icis m	темя	     
 1 verto: ere III	вертеть	     
 1 verto: ere III	поворачивать	     
 1 verus	истинный	     
 1 vesica billaris, vesica fellea	желчный пузырь	     
 1 vesica	пузырь	     
 1 vestibulum	преддверие	     
 1 via	путь	     
 1 viginti	двадцать	     
 1 vikasolum	виказол	     
 1 vinylinum	винилин	     
 1 viola	фиалка	     
 1 vipr-, viper-	змеиный яд	     
 1 viride: is n	зелень	     
 1 viride nitens: viridis n nitentis	бриллиантовый зеленый	     
 2 virus: i	вирус	     
 1 virus: i	яд	     
 1 vir: viri m	мужчина	     
 1 visceralis	висцеральный	     
 1 viscera: um n (pl)	внутренности	     
 1 viscus: eris n	внутренность	     
 1 visus: us m	зрение	     
 1 vis	мощь	     
 1 vis	сила	     
 1 vitalis	жизненный	     
 1 vitaminum	витамин	     
 1 vita	жизнь	     
 1 vitiosus	порочный	     
 1 vitium	изъян	     
 2 vitium	порок	     
 1 vitreus	стекловидный	     
 1 -vit-	витаминные	     
 1 vivo: ere III	жить	     
 1 volvulus: i	заворот кишок	     
 1 vomer: eris m	сошник	     
 1 vos	вы	     
 1 vox: vocis f	звук	     
 1 vulnus: eris n	рана	     
 1 vv. cordis minimae	Тебезиевы вены	     
 1 xeroformium	ксероформ	     
 1 xer-	сухой	     
 1 -zid-, -zin-, -zol, -zon-, -zepam-	азогруппа	     
 1 -zid-, -zin-, -zol, -zon-, -zepam-	азот	     
 1 Zn	zincum	     
 1 zygoma: atis n	скула	     
 1 zygomaticus	скуловой	     
 1 аксоны нейронов nucleus ruber	Монакова пучок	     
 1 гигантские пирамидные нейроны коры	Беца клетки	     
 1 перекрест пучка Монакова	Фореля перекрест	     
 1 пространство между bulbus oculi и его влагалищем	Теноново пространство	     
